Patterns	Score 1	Score 2	Score 3	Score 4	Score 5	Score 6	Score 7	Score 8	Score 9	Score 10	Score 11	Score 12	Score 13	Score 14
Solution 1	2	1	0	-1	0	1	2	3	2	6	1	-1	0	1
Solution 2	2	1	0	-1	0	1	2	3	2	5	1	-1	0	2
Solution 3	2	1	0	-1	0	1	2	3	2	4	1	-1	0	3
Solution 4	2	1	0	-1	0	1	2	4	2	6	1	-1	0	1
Solution 5	2	1	0	-1	0	1	2	5	2	6	1	-1	0	1
Solution 6	2	1	0	-1	0	1	2	4	3	6	1	-1	0	1
Solution 7	2	1	0	-1	0	1	2	4	3	6	2	-2	0	1
Solution 8	2	1	0	-1	0	1	2	5	3	6	1	-1	0	1
Solution 9	2	1	0	-1	0	1	2	5	4	6	1	-1	0	1
Solution 10	2	1	0	-1	0	1	2	5	3	6	2	-2	0	1
Solution 11	2	1	0	-1	0	1	2	5	4	6	2	-2	0	1
Solution 12	2	1	0	-1	0	1	2	5	4	6	3	-3	0	1
Solution 13	2	1	0	-2	0	1	2	4	3	6	2	-2	0	1
Solution 14	2	1	0	-2	-1	0	1	4	3	6	2	-2	0	1
Solution 15	2	1	0	-2	-1	0	2	4	3	6	2	-2	0	1
Solution 16	2	1	0	-2	-1	1	2	4	3	6	2	-2	0	1
Solution 17	2	1	0	-2	0	1	2	5	3	6	2	-2	0	1
Solution 18	2	1	0	-2	-1	1	2	5	3	6	2	-2	0	1
Solution 19	2	1	0	-2	0	1	2	5	4	6	2	-2	0	1
Solution 20	2	1	0	-2	0	1	2	5	4	6	3	-3	0	1
Solution 21	2	1	0	-3	0	1	2	5	4	6	3	-3	0	1
Solution 22	2	1	0	-2	-1	1	2	5	4	6	2	-2	0	1
Solution 23	2	1	0	-2	-1	1	2	5	4	6	3	-3	0	1
Solution 24	2	1	0	-3	-1	1	2	5	4	6	3	-3	0	1
Solution 25	2	1	0	-3	-2	1	2	5	4	6	3	-3	0	1
Solution 26	2	1	0	-2	-1	0	1	5	3	6	2	-2	0	1
Solution 27	2	1	0	-2	-1	0	1	5	4	6	2	-2	0	1
Solution 28	2	1	0	-2	-1	0	1	5	4	6	3	-3	0	1
Solution 29	2	1	0	-3	-1	0	1	5	4	6	3	-3	0	1
Solution 30	2	1	0	-3	-2	0	1	5	4	6	3	-3	0	1
Solution 31	2	1	0	-2	-1	0	2	5	3	6	2	-2	0	1
Solution 32	2	1	0	-2	-1	0	2	5	4	6	2	-2	0	1
Solution 33	2	1	0	-2	-1	0	2	5	4	6	3	-3	0	1
Solution 34	2	1	0	-3	-1	0	2	5	4	6	3	-3	0	1
Solution 35	2	1	0	-3	-2	0	2	5	4	6	3	-3	0	1
Solution 36	2	1	0	-1	0	1	3	4	3	6	1	-1	0	1
Solution 37	2	1	0	-1	0	2	3	4	3	6	1	-1	0	1
Solution 38	2	1	0	-1	0	1	3	4	3	6	2	-2	0	1
Solution 39	2	1	0	-1	0	2	3	4	3	6	2	-2	0	1
Solution 40	2	1	0	-2	0	1	3	4	3	6	2	-2	0	1
Solution 41	2	1	0	-2	-1	1	3	4	3	6	2	-2	0	1
Solution 42	2	1	0	-2	-1	0	3	4	3	6	2	-2	0	1
Solution 43	2	1	0	-2	0	2	3	4	3	6	2	-2	0	1
Solution 44	2	1	0	-2	-1	2	3	4	3	6	2	-2	0	1
Solution 45	2	1	0	-1	0	1	3	5	3	6	1	-1	0	1
Solution 46	2	1	0	-1	0	1	3	5	4	6	1	-1	0	1
Solution 47	2	1	0	-1	0	1	4	5	4	6	1	-1	0	1
Solution 48	2	1	0	-1	0	2	3	5	3	6	1	-1	0	1
Solution 49	2	1	0	-1	0	2	3	5	4	6	1	-1	0	1
Solution 50	2	1	0	-1	0	2	4	5	4	6	1	-1	0	1
Solution 51	2	1	0	-1	0	3	4	5	4	6	1	-1	0	1
Solution 52	2	1	0	-1	0	1	3	5	3	6	2	-2	0	1
Solution 53	2	1	0	-1	0	1	3	5	4	6	2	-2	0	1
Solution 54	2	1	0	-1	0	1	4	5	4	6	2	-2	0	1
Solution 55	2	1	0	-1	0	1	3	5	4	6	3	-3	0	1
Solution 56	2	1	0	-1	0	1	4	5	4	6	3	-3	0	1
Solution 57	2	1	0	-1	0	2	3	5	3	6	2	-2	0	1
Solution 58	2	1	0	-1	0	2	3	5	4	6	2	-2	0	1
Solution 59	2	1	0	-1	0	2	4	5	4	6	2	-2	0	1
Solution 60	2	1	0	-1	0	2	3	5	4	6	3	-3	0	1
Solution 61	2	1	0	-1	0	2	4	5	4	6	3	-3	0	1
Solution 62	2	1	0	-1	0	3	4	5	4	6	2	-2	0	1
Solution 63	2	1	0	-1	0	3	4	5	4	6	3	-3	0	1
Solution 64	2	1	0	-2	0	1	3	5	3	6	2	-2	0	1
Solution 65	2	1	0	-2	-1	1	3	5	3	6	2	-2	0	1
Solution 66	2	1	0	-2	-1	0	3	5	3	6	2	-2	0	1
Solution 67	2	1	0	-2	0	1	3	5	4	6	2	-2	0	1
Solution 68	2	1	0	-2	0	1	4	5	4	6	2	-2	0	1
Solution 69	2	1	0	-2	0	1	3	5	4	6	3	-3	0	1
Solution 70	2	1	0	-3	0	1	3	5	4	6	3	-3	0	1
Solution 71	2	1	0	-2	0	1	4	5	4	6	3	-3	0	1
Solution 72	2	1	0	-3	0	1	4	5	4	6	3	-3	0	1
Solution 73	2	1	0	-2	-1	1	3	5	4	6	2	-2	0	1
Solution 74	2	1	0	-2	-1	1	4	5	4	6	2	-2	0	1
Solution 75	2	1	0	-2	-1	1	3	5	4	6	3	-3	0	1
Solution 76	2	1	0	-3	-1	1	3	5	4	6	3	-3	0	1
Solution 77	2	1	0	-2	-1	1	4	5	4	6	3	-3	0	1
Solution 78	2	1	0	-3	-1	1	4	5	4	6	3	-3	0	1
Solution 79	2	1	0	-3	-2	1	3	5	4	6	3	-3	0	1
Solution 80	2	1	0	-3	-2	1	4	5	4	6	3	-3	0	1
Solution 81	2	1	0	-2	-1	0	3	5	4	6	2	-2	0	1
Solution 82	2	1	0	-2	-1	0	4	5	4	6	2	-2	0	1
Solution 83	2	1	0	-2	-1	0	3	5	4	6	3	-3	0	1
Solution 84	2	1	0	-3	-1	0	3	5	4	6	3	-3	0	1
Solution 85	2	1	0	-2	-1	0	4	5	4	6	3	-3	0	1
Solution 86	2	1	0	-3	-1	0	4	5	4	6	3	-3	0	1
Solution 87	2	1	0	-3	-2	0	3	5	4	6	3	-3	0	1
Solution 88	2	1	0	-3	-2	0	4	5	4	6	3	-3	0	1
Solution 89	2	1	0	-2	0	2	3	5	3	6	2	-2	0	1
Solution 90	2	1	0	-2	-1	2	3	5	3	6	2	-2	0	1
Solution 91	2	1	0	-2	0	2	3	5	4	6	2	-2	0	1
Solution 92	2	1	0	-2	0	2	4	5	4	6	2	-2	0	1
Solution 93	2	1	0	-2	0	2	3	5	4	6	3	-3	0	1
Solution 94	2	1	0	-3	0	2	3	5	4	6	3	-3	0	1
Solution 95	2	1	0	-2	0	2	4	5	4	6	3	-3	0	1
Solution 96	2	1	0	-3	0	2	4	5	4	6	3	-3	0	1
Solution 97	2	1	0	-2	0	3	4	5	4	6	2	-2	0	1
Solution 98	2	1	0	-2	0	3	4	5	4	6	3	-3	0	1
Solution 99	2	1	0	-3	0	3	4	5	4	6	3	-3	0	1
Solution 100	2	1	0	-2	-1	2	3	5	4	6	2	-2	0	1
Solution 101	2	1	0	-2	-1	2	4	5	4	6	2	-2	0	1
Solution 102	2	1	0	-2	-1	2	3	5	4	6	3	-3	0	1
Solution 103	2	1	0	-3	-1	2	3	5	4	6	3	-3	0	1
Solution 104	2	1	0	-2	-1	2	4	5	4	6	3	-3	0	1
Solution 105	2	1	0	-3	-1	2	4	5	4	6	3	-3	0	1
Solution 106	2	1	0	-2	-1	3	4	5	4	6	2	-2	0	1
Solution 107	2	1	0	-2	-1	3	4	5	4	6	3	-3	0	1
Solution 108	2	1	0	-3	-1	3	4	5	4	6	3	-3	0	1
Solution 109	2	1	0	-3	-2	2	3	5	4	6	3	-3	0	1
Solution 110	2	1	0	-3	-2	2	4	5	4	6	3	-3	0	1
Solution 111	2	1	0	-3	-2	3	4	5	4	6	3	-3	0	1
Solution 112	2	1	0	-1	0	1	2	4	3	6	2	-2	-1	1
Solution 113	2	1	0	-2	0	1	2	4	3	6	2	-2	-1	1
Solution 114	2	1	0	-2	-1	1	2	4	3	6	2	-2	-1	1
Solution 115	2	1	0	-2	-1	0	2	4	3	6	2	-2	-1	1
Solution 116	2	1	0	-2	-1	0	1	4	3	6	2	-2	-1	1
Solution 117	2	1	0	-1	0	1	2	5	3	6	2	-2	-1	1
Solution 118	2	1	0	-1	0	1	2	5	4	6	2	-2	-1	1
Solution 119	2	1	0	-1	0	1	2	5	4	6	3	-3	-1	1
Solution 120	2	1	0	-1	0	1	2	5	4	6	3	-3	-2	1
Solution 121	2	1	0	-2	0	1	2	5	3	6	2	-2	-1	1
Solution 122	2	1	0	-2	-1	1	2	5	3	6	2	-2	-1	1
Solution 123	2	1	0	-2	-1	0	2	5	3	6	2	-2	-1	1
Solution 124	2	1	0	-2	-1	0	1	5	3	6	2	-2	-1	1
Solution 125	2	1	0	-2	0	1	2	5	4	6	2	-2	-1	1
Solution 126	2	1	0	-2	0	1	2	5	4	6	3	-3	-1	1
Solution 127	2	1	0	-3	0	1	2	5	4	6	3	-3	-1	1
Solution 128	2	1	0	-2	0	1	2	5	4	6	3	-3	-2	1
Solution 129	2	1	0	-3	0	1	2	5	4	6	3	-3	-2	1
Solution 130	2	1	0	-2	-1	1	2	5	4	6	2	-2	-1	1
Solution 131	2	1	0	-2	-1	1	2	5	4	6	3	-3	-1	1
Solution 132	2	1	0	-3	-1	1	2	5	4	6	3	-3	-1	1
Solution 133	2	1	0	-2	-1	1	2	5	4	6	3	-3	-2	1
Solution 134	2	1	0	-3	-1	1	2	5	4	6	3	-3	-2	1
Solution 135	2	1	0	-3	-2	1	2	5	4	6	3	-3	-1	1
Solution 136	2	1	0	-3	-2	1	2	5	4	6	3	-3	-2	1
Solution 137	2	1	0	-2	-1	0	2	5	4	6	2	-2	-1	1
Solution 138	2	1	0	-2	-1	0	2	5	4	6	3	-3	-1	1
Solution 139	2	1	0	-3	-1	0	2	5	4	6	3	-3	-1	1
Solution 140	2	1	0	-2	-1	0	2	5	4	6	3	-3	-2	1
Solution 141	2	1	0	-3	-1	0	2	5	4	6	3	-3	-2	1
Solution 142	2	1	0	-3	-2	0	2	5	4	6	3	-3	-1	1
Solution 143	2	1	0	-3	-2	0	2	5	4	6	3	-3	-2	1
Solution 144	2	1	0	-2	-1	0	1	5	4	6	2	-2	-1	1
Solution 145	2	1	0	-2	-1	0	1	5	4	6	3	-3	-1	1
Solution 146	2	1	0	-3	-1	0	1	5	4	6	3	-3	-1	1
Solution 147	2	1	0	-2	-1	0	1	5	4	6	3	-3	-2	1
Solution 148	2	1	0	-3	-1	0	1	5	4	6	3	-3	-2	1
Solution 149	2	1	0	-3	-2	0	1	5	4	6	3	-3	-1	1
Solution 150	2	1	0	-3	-2	0	1	5	4	6	3	-3	-2	1
Solution 151	2	1	0	-1	0	1	3	4	3	6	2	-2	-1	1
Solution 152	2	1	0	-1	0	2	3	4	3	6	2	-2	-1	1
Solution 153	2	1	0	-2	0	1	3	4	3	6	2	-2	-1	1
Solution 154	2	1	0	-2	-1	1	3	4	3	6	2	-2	-1	1
Solution 155	2	1	0	-2	-1	0	3	4	3	6	2	-2	-1	1
Solution 156	2	1	0	-2	0	2	3	4	3	6	2	-2	-1	1
Solution 157	2	1	0	-2	-1	2	3	4	3	6	2	-2	-1	1
Solution 158	2	1	0	-1	0	1	3	5	3	6	2	-2	-1	1
Solution 159	2	1	0	-1	0	1	3	5	4	6	2	-2	-1	1
Solution 160	2	1	0	-1	0	1	3	5	4	6	3	-3	-1	1
Solution 161	2	1	0	-1	0	1	3	5	4	6	3	-3	-2	1
Solution 162	2	1	0	-1	0	1	4	5	4	6	2	-2	-1	1
Solution 163	2	1	0	-1	0	1	4	5	4	6	3	-3	-1	1
Solution 164	2	1	0	-1	0	1	4	5	4	6	3	-3	-2	1
Solution 165	2	1	0	-1	0	2	3	5	3	6	2	-2	-1	1
Solution 166	2	1	0	-1	0	2	3	5	4	6	2	-2	-1	1
Solution 167	2	1	0	-1	0	2	3	5	4	6	3	-3	-1	1
Solution 168	2	1	0	-1	0	2	3	5	4	6	3	-3	-2	1
Solution 169	2	1	0	-1	0	2	4	5	4	6	2	-2	-1	1
Solution 170	2	1	0	-1	0	3	4	5	4	6	2	-2	-1	1
Solution 171	2	1	0	-1	0	2	4	5	4	6	3	-3	-1	1
Solution 172	2	1	0	-1	0	2	4	5	4	6	3	-3	-2	1
Solution 173	2	1	0	-1	0	3	4	5	4	6	3	-3	-1	1
Solution 174	2	1	0	-1	0	3	4	5	4	6	3	-3	-2	1
Solution 175	2	1	0	-2	0	1	3	5	3	6	2	-2	-1	1
Solution 176	2	1	0	-2	-1	1	3	5	3	6	2	-2	-1	1
Solution 177	2	1	0	-2	-1	0	3	5	3	6	2	-2	-1	1
Solution 178	2	1	0	-2	0	1	3	5	4	6	2	-2	-1	1
Solution 179	2	1	0	-2	0	1	3	5	4	6	3	-3	-1	1
Solution 180	2	1	0	-3	0	1	3	5	4	6	3	-3	-1	1
Solution 181	2	1	0	-2	0	1	3	5	4	6	3	-3	-2	1
Solution 182	2	1	0	-3	0	1	3	5	4	6	3	-3	-2	1
Solution 183	2	1	0	-2	0	1	4	5	4	6	2	-2	-1	1
Solution 184	2	1	0	-2	0	1	4	5	4	6	3	-3	-1	1
Solution 185	2	1	0	-3	0	1	4	5	4	6	3	-3	-1	1
Solution 186	2	1	0	-2	0	1	4	5	4	6	3	-3	-2	1
Solution 187	2	1	0	-3	0	1	4	5	4	6	3	-3	-2	1
Solution 188	2	1	0	-2	-1	1	3	5	4	6	2	-2	-1	1
Solution 189	2	1	0	-2	-1	1	3	5	4	6	3	-3	-1	1
Solution 190	2	1	0	-3	-1	1	3	5	4	6	3	-3	-1	1
Solution 191	2	1	0	-2	-1	1	3	5	4	6	3	-3	-2	1
Solution 192	2	1	0	-3	-1	1	3	5	4	6	3	-3	-2	1
Solution 193	2	1	0	-2	-1	1	4	5	4	6	2	-2	-1	1
Solution 194	2	1	0	-2	-1	1	4	5	4	6	3	-3	-1	1
Solution 195	2	1	0	-3	-1	1	4	5	4	6	3	-3	-1	1
Solution 196	2	1	0	-2	-1	1	4	5	4	6	3	-3	-2	1
Solution 197	2	1	0	-3	-1	1	4	5	4	6	3	-3	-2	1
Solution 198	2	1	0	-3	-2	1	3	5	4	6	3	-3	-1	1
Solution 199	2	1	0	-3	-2	1	3	5	4	6	3	-3	-2	1
Solution 200	2	1	0	-3	-2	1	4	5	4	6	3	-3	-1	1
Solution 201	2	1	0	-3	-2	1	4	5	4	6	3	-3	-2	1
Solution 202	2	1	0	-2	-1	0	3	5	4	6	2	-2	-1	1
Solution 203	2	1	0	-2	-1	0	3	5	4	6	3	-3	-1	1
Solution 204	2	1	0	-3	-1	0	3	5	4	6	3	-3	-1	1
Solution 205	2	1	0	-2	-1	0	3	5	4	6	3	-3	-2	1
Solution 206	2	1	0	-3	-1	0	3	5	4	6	3	-3	-2	1
Solution 207	2	1	0	-2	-1	0	4	5	4	6	2	-2	-1	1
Solution 208	2	1	0	-2	-1	0	4	5	4	6	3	-3	-1	1
Solution 209	2	1	0	-3	-1	0	4	5	4	6	3	-3	-1	1
Solution 210	2	1	0	-2	-1	0	4	5	4	6	3	-3	-2	1
Solution 211	2	1	0	-3	-1	0	4	5	4	6	3	-3	-2	1
Solution 212	2	1	0	-3	-2	0	3	5	4	6	3	-3	-1	1
Solution 213	2	1	0	-3	-2	0	3	5	4	6	3	-3	-2	1
Solution 214	2	1	0	-3	-2	0	4	5	4	6	3	-3	-1	1
Solution 215	2	1	0	-3	-2	0	4	5	4	6	3	-3	-2	1
Solution 216	2	1	0	-2	0	2	3	5	3	6	2	-2	-1	1
Solution 217	2	1	0	-2	-1	2	3	5	3	6	2	-2	-1	1
Solution 218	2	1	0	-2	0	2	3	5	4	6	2	-2	-1	1
Solution 219	2	1	0	-2	0	2	3	5	4	6	3	-3	-1	1
Solution 220	2	1	0	-3	0	2	3	5	4	6	3	-3	-1	1
Solution 221	2	1	0	-2	0	2	3	5	4	6	3	-3	-2	1
Solution 222	2	1	0	-3	0	2	3	5	4	6	3	-3	-2	1
Solution 223	2	1	0	-2	0	2	4	5	4	6	2	-2	-1	1
Solution 224	2	1	0	-2	0	3	4	5	4	6	2	-2	-1	1
Solution 225	2	1	0	-2	0	2	4	5	4	6	3	-3	-1	1
Solution 226	2	1	0	-3	0	2	4	5	4	6	3	-3	-1	1
Solution 227	2	1	0	-2	0	2	4	5	4	6	3	-3	-2	1
Solution 228	2	1	0	-3	0	2	4	5	4	6	3	-3	-2	1
Solution 229	2	1	0	-2	0	3	4	5	4	6	3	-3	-1	1
Solution 230	2	1	0	-3	0	3	4	5	4	6	3	-3	-1	1
Solution 231	2	1	0	-2	0	3	4	5	4	6	3	-3	-2	1
Solution 232	2	1	0	-2	-1	2	3	5	4	6	2	-2	-1	1
Solution 233	2	1	0	-2	-1	2	4	5	4	6	2	-2	-1	1
Solution 234	2	1	0	-2	-1	3	4	5	4	6	2	-2	-1	1
Solution 235	2	1	0	-2	-1	2	3	5	4	6	3	-3	-1	1
Solution 236	2	1	0	-2	-1	2	4	5	4	6	3	-3	-1	1
Solution 237	2	1	0	-2	-1	3	4	5	4	6	3	-3	-1	1
Solution 238	2	1	0	-2	-1	2	3	5	4	6	3	-3	-2	1
Solution 239	2	1	0	-2	-1	2	4	5	4	6	3	-3	-2	1
Solution 240	2	1	0	-2	-1	3	4	5	4	6	3	-3	-2	1
Solution 241	2	1	0	-3	0	3	4	5	4	6	3	-3	-2	1
Solution 242	2	1	0	-3	-1	2	3	5	4	6	3	-3	-1	1
Solution 243	2	1	0	-3	-1	2	4	5	4	6	3	-3	-1	1
Solution 244	2	1	0	-3	-1	3	4	5	4	6	3	-3	-1	1
Solution 245	2	1	0	-3	-1	2	3	5	4	6	3	-3	-2	1
Solution 246	2	1	0	-3	-1	2	4	5	4	6	3	-3	-2	1
Solution 247	2	1	0	-3	-1	3	4	5	4	6	3	-3	-2	1
Solution 248	2	1	0	-3	-2	2	3	5	4	6	3	-3	-1	1
Solution 249	2	1	0	-3	-2	2	4	5	4	6	3	-3	-1	1
Solution 250	2	1	0	-3	-2	3	4	5	4	6	3	-3	-1	1
Solution 251	2	1	0	-3	-2	2	3	5	4	6	3	-3	-2	1
Solution 252	2	1	0	-3	-2	2	4	5	4	6	3	-3	-2	1
Solution 253	2	1	0	-3	-2	3	4	5	4	6	3	-3	-2	1
Solution 254	2	1	0	-1	0	1	2	4	2	5	1	-1	0	2
Solution 255	2	1	0	-1	0	1	2	4	3	5	1	-1	0	2
Solution 256	2	1	0	-1	0	1	2	4	3	5	2	-2	0	2
Solution 257	2	1	0	-2	0	1	2	4	3	5	2	-2	0	2
Solution 258	2	1	0	-2	-1	1	2	4	3	5	2	-2	0	2
Solution 259	2	1	0	-2	-1	0	1	4	3	5	2	-2	0	2
Solution 260	2	1	0	-2	-1	0	2	4	3	5	2	-2	0	2
Solution 261	2	1	0	-1	0	1	3	4	3	5	1	-1	0	2
Solution 262	2	1	0	-1	0	1	3	4	3	5	2	-2	0	2
Solution 263	2	1	0	-1	0	2	3	4	3	5	1	-1	0	2
Solution 264	2	1	0	-1	0	2	3	4	3	5	2	-2	0	2
Solution 265	2	1	0	-2	0	1	3	4	3	5	2	-2	0	2
Solution 266	2	1	0	-2	-1	1	3	4	3	5	2	-2	0	2
Solution 267	2	1	0	-2	-1	0	3	4	3	5	2	-2	0	2
Solution 268	2	1	0	-2	0	2	3	4	3	5	2	-2	0	2
Solution 269	2	1	0	-2	-1	2	3	4	3	5	2	-2	0	2
Solution 270	2	1	0	-1	0	1	2	4	3	5	2	-2	-1	2
Solution 271	2	1	0	-2	0	1	2	4	3	5	2	-2	-1	2
Solution 272	2	1	0	-2	-1	1	2	4	3	5	2	-2	-1	2
Solution 273	2	1	0	-2	-1	0	1	4	3	5	2	-2	-1	2
Solution 274	2	1	0	-2	-1	0	2	4	3	5	2	-2	-1	2
Solution 275	2	1	0	-1	0	1	3	4	3	5	2	-2	-1	2
Solution 276	2	1	0	-1	0	2	3	4	3	5	2	-2	-1	2
Solution 277	2	1	0	-2	0	1	3	4	3	5	2	-2	-1	2
Solution 278	2	1	0	-2	-1	1	3	4	3	5	2	-2	-1	2
Solution 279	2	1	0	-2	-1	0	3	4	3	5	2	-2	-1	2
Solution 280	2	1	0	-2	0	2	3	4	3	5	2	-2	-1	2
Solution 281	2	1	0	-2	-1	2	3	4	3	5	2	-2	-1	2
Solution 282	2	1	0	-1	0	1	2	4	3	7	2	-2	-1	0
Solution 283	2	1	0	-2	0	1	2	4	3	7	2	-2	-1	0
Solution 284	2	1	0	-2	-1	1	2	4	3	7	2	-2	-1	0
Solution 285	2	1	0	-2	-1	0	1	4	3	7	2	-2	-1	0
Solution 286	2	1	0	-2	-1	0	2	4	3	7	2	-2	-1	0
Solution 287	2	1	0	-1	0	1	2	5	3	7	2	-2	-1	0
Solution 288	2	1	0	-1	0	1	2	6	3	7	2	-2	-1	0
Solution 289	2	1	0	-1	0	1	2	5	4	7	2	-2	-1	0
Solution 290	2	1	0	-1	0	1	2	5	4	7	3	-3	-1	0
Solution 291	2	1	0	-1	0	1	2	5	4	7	3	-3	-2	0
Solution 292	2	1	0	-1	0	1	2	6	4	7	2	-2	-1	0
Solution 293	2	1	0	-1	0	1	2	6	5	7	2	-2	-1	0
Solution 294	2	1	0	-1	0	1	2	6	4	7	3	-3	-1	0
Solution 295	2	1	0	-1	0	1	2	6	4	7	3	-3	-2	0
Solution 296	2	1	0	-1	0	1	2	6	5	7	3	-3	-1	0
Solution 297	2	1	0	-1	0	1	2	6	5	7	4	-4	-1	0
Solution 298	2	1	0	-1	0	1	2	6	5	7	3	-3	-2	0
Solution 299	2	1	0	-1	0	1	2	6	5	7	4	-4	-2	0
Solution 300	2	1	0	-1	0	1	2	6	5	7	4	-4	-3	0
Solution 301	2	1	0	-2	0	1	2	5	3	7	2	-2	-1	0
Solution 302	2	1	0	-2	-1	1	2	5	3	7	2	-2	-1	0
Solution 303	2	1	0	-2	0	1	2	6	3	7	2	-2	-1	0
Solution 304	2	1	0	-2	-1	1	2	6	3	7	2	-2	-1	0
Solution 305	2	1	0	-2	-1	0	1	5	3	7	2	-2	-1	0
Solution 306	2	1	0	-2	-1	0	1	6	3	7	2	-2	-1	0
Solution 307	2	1	0	-2	-1	0	2	5	3	7	2	-2	-1	0
Solution 308	2	1	0	-2	-1	0	2	6	3	7	2	-2	-1	0
Solution 309	2	1	0	-2	0	1	2	5	4	7	2	-2	-1	0
Solution 310	2	1	0	-2	0	1	2	5	4	7	3	-3	-1	0
Solution 311	2	1	0	-3	0	1	2	5	4	7	3	-3	-1	0
Solution 312	2	1	0	-2	-1	1	2	5	4	7	2	-2	-1	0
Solution 313	2	1	0	-2	-1	1	2	5	4	7	3	-3	-1	0
Solution 314	2	1	0	-3	-1	1	2	5	4	7	3	-3	-1	0
Solution 315	2	1	0	-3	-2	1	2	5	4	7	3	-3	-1	0
Solution 316	2	1	0	-2	0	1	2	6	4	7	2	-2	-1	0
Solution 317	2	1	0	-2	0	1	2	6	4	7	3	-3	-1	0
Solution 318	2	1	0	-3	0	1	2	6	4	7	3	-3	-1	0
Solution 319	2	1	0	-2	-1	1	2	6	4	7	2	-2	-1	0
Solution 320	2	1	0	-2	-1	1	2	6	4	7	3	-3	-1	0
Solution 321	2	1	0	-3	-1	1	2	6	4	7	3	-3	-1	0
Solution 322	2	1	0	-3	-2	1	2	6	4	7	3	-3	-1	0
Solution 323	2	1	0	-2	0	1	2	5	4	7	3	-3	-2	0
Solution 324	2	1	0	-3	0	1	2	5	4	7	3	-3	-2	0
Solution 325	2	1	0	-2	-1	1	2	5	4	7	3	-3	-2	0
Solution 326	2	1	0	-3	-1	1	2	5	4	7	3	-3	-2	0
Solution 327	2	1	0	-3	-2	1	2	5	4	7	3	-3	-2	0
Solution 328	2	1	0	-2	0	1	2	6	4	7	3	-3	-2	0
Solution 329	2	1	0	-3	0	1	2	6	4	7	3	-3	-2	0
Solution 330	2	1	0	-2	-1	1	2	6	4	7	3	-3	-2	0
Solution 331	2	1	0	-3	-1	1	2	6	4	7	3	-3	-2	0
Solution 332	2	1	0	-3	-2	1	2	6	4	7	3	-3	-2	0
Solution 333	2	1	0	-2	0	1	2	6	5	7	2	-2	-1	0
Solution 334	2	1	0	-2	-1	1	2	6	5	7	2	-2	-1	0
Solution 335	2	1	0	-2	0	1	2	6	5	7	3	-3	-1	0
Solution 336	2	1	0	-3	0	1	2	6	5	7	3	-3	-1	0
Solution 337	2	1	0	-2	-1	1	2	6	5	7	3	-3	-1	0
Solution 338	2	1	0	-3	-1	1	2	6	5	7	3	-3	-1	0
Solution 339	2	1	0	-3	-2	1	2	6	5	7	3	-3	-1	0
Solution 340	2	1	0	-2	0	1	2	6	5	7	3	-3	-2	0
Solution 341	2	1	0	-3	0	1	2	6	5	7	3	-3	-2	0
Solution 342	2	1	0	-2	-1	1	2	6	5	7	3	-3	-2	0
Solution 343	2	1	0	-3	-1	1	2	6	5	7	3	-3	-2	0
Solution 344	2	1	0	-3	-2	1	2	6	5	7	3	-3	-2	0
Solution 345	2	1	0	-2	0	1	2	6	5	7	4	-4	-1	0
Solution 346	2	1	0	-3	0	1	2	6	5	7	4	-4	-1	0
Solution 347	2	1	0	-2	-1	1	2	6	5	7	4	-4	-1	0
Solution 348	2	1	0	-2	0	1	2	6	5	7	4	-4	-2	0
Solution 349	2	1	0	-2	-1	1	2	6	5	7	4	-4	-2	0
Solution 350	2	1	0	-2	0	1	2	6	5	7	4	-4	-3	0
Solution 351	2	1	0	-2	-1	1	2	6	5	7	4	-4	-3	0
Solution 352	2	1	0	-3	-1	1	2	6	5	7	4	-4	-1	0
Solution 353	2	1	0	-3	-2	1	2	6	5	7	4	-4	-1	0
Solution 354	2	1	0	-3	0	1	2	6	5	7	4	-4	-2	0
Solution 355	2	1	0	-3	-1	1	2	6	5	7	4	-4	-2	0
Solution 356	2	1	0	-3	-2	1	2	6	5	7	4	-4	-2	0
Solution 357	2	1	0	-3	0	1	2	6	5	7	4	-4	-3	0
Solution 358	2	1	0	-3	-1	1	2	6	5	7	4	-4	-3	0
Solution 359	2	1	0	-3	-2	1	2	6	5	7	4	-4	-3	0
Solution 360	2	1	0	-4	0	1	2	6	5	7	4	-4	-1	0
Solution 361	2	1	0	-4	-1	1	2	6	5	7	4	-4	-1	0
Solution 362	2	1	0	-4	-2	1	2	6	5	7	4	-4	-1	0
Solution 363	2	1	0	-4	0	1	2	6	5	7	4	-4	-2	0
Solution 364	2	1	0	-4	0	1	2	6	5	7	4	-4	-3	0
Solution 365	2	1	0	-4	-1	1	2	6	5	7	4	-4	-2	0
Solution 366	2	1	0	-4	-1	1	2	6	5	7	4	-4	-3	0
Solution 367	2	1	0	-4	-2	1	2	6	5	7	4	-4	-2	0
Solution 368	2	1	0	-4	-2	1	2	6	5	7	4	-4	-3	0
Solution 369	2	1	0	-4	-3	1	2	6	5	7	4	-4	-1	0
Solution 370	2	1	0	-4	-3	1	2	6	5	7	4	-4	-2	0
Solution 371	2	1	0	-4	-3	1	2	6	5	7	4	-4	-3	0
Solution 372	2	1	0	-2	-1	0	1	5	4	7	2	-2	-1	0
Solution 373	2	1	0	-2	-1	0	1	5	4	7	3	-3	-1	0
Solution 374	2	1	0	-2	-1	0	1	6	4	7	2	-2	-1	0
Solution 375	2	1	0	-2	-1	0	1	6	4	7	3	-3	-1	0
Solution 376	2	1	0	-2	-1	0	1	6	5	7	2	-2	-1	0
Solution 377	2	1	0	-2	-1	0	1	6	5	7	3	-3	-1	0
Solution 378	2	1	0	-2	-1	0	1	6	5	7	4	-4	-1	0
Solution 379	2	1	0	-3	-1	0	1	5	4	7	3	-3	-1	0
Solution 380	2	1	0	-3	-1	0	1	6	4	7	3	-3	-1	0
Solution 381	2	1	0	-3	-1	0	1	6	5	7	3	-3	-1	0
Solution 382	2	1	0	-3	-1	0	1	6	5	7	4	-4	-1	0
Solution 383	2	1	0	-4	-1	0	1	6	5	7	4	-4	-1	0
Solution 384	2	1	0	-2	-1	0	1	5	4	7	3	-3	-2	0
Solution 385	2	1	0	-2	-1	0	1	6	4	7	3	-3	-2	0
Solution 386	2	1	0	-2	-1	0	1	6	5	7	3	-3	-2	0
Solution 387	2	1	0	-2	-1	0	1	6	5	7	4	-4	-2	0
Solution 388	2	1	0	-3	-1	0	1	5	4	7	3	-3	-2	0
Solution 389	2	1	0	-3	-1	0	1	6	4	7	3	-3	-2	0
Solution 390	2	1	0	-3	-1	0	1	6	5	7	3	-3	-2	0
Solution 391	2	1	0	-3	-1	0	1	6	5	7	4	-4	-2	0
Solution 392	2	1	0	-4	-1	0	1	6	5	7	4	-4	-2	0
Solution 393	2	1	0	-2	-1	0	1	6	5	7	4	-4	-3	0
Solution 394	2	1	0	-3	-1	0	1	6	5	7	4	-4	-3	0
Solution 395	2	1	0	-4	-1	0	1	6	5	7	4	-4	-3	0
Solution 396	2	1	0	-3	-2	0	1	5	4	7	3	-3	-1	0
Solution 397	2	1	0	-3	-2	0	1	6	4	7	3	-3	-1	0
Solution 398	2	1	0	-3	-2	0	1	6	5	7	3	-3	-1	0
Solution 399	2	1	0	-3	-2	0	1	6	5	7	4	-4	-1	0
Solution 400	2	1	0	-4	-2	0	1	6	5	7	4	-4	-1	0
Solution 401	2	1	0	-3	-2	0	1	5	4	7	3	-3	-2	0
Solution 402	2	1	0	-3	-2	0	1	6	4	7	3	-3	-2	0
Solution 403	2	1	0	-3	-2	0	1	6	5	7	3	-3	-2	0
Solution 404	2	1	0	-3	-2	0	1	6	5	7	4	-4	-2	0
Solution 405	2	1	0	-4	-2	0	1	6	5	7	4	-4	-2	0
Solution 406	2	1	0	-3	-2	0	1	6	5	7	4	-4	-3	0
Solution 407	2	1	0	-4	-2	0	1	6	5	7	4	-4	-3	0
Solution 408	2	1	0	-4	-3	0	1	6	5	7	4	-4	-1	0
Solution 409	2	1	0	-4	-3	0	1	6	5	7	4	-4	-2	0
Solution 410	2	1	0	-4	-3	0	1	6	5	7	4	-4	-3	0
Solution 411	2	1	0	-2	-1	0	2	5	4	7	2	-2	-1	0
Solution 412	2	1	0	-2	-1	0	2	5	4	7	3	-3	-1	0
Solution 413	2	1	0	-2	-1	0	2	6	4	7	2	-2	-1	0
Solution 414	2	1	0	-2	-1	0	2	6	4	7	3	-3	-1	0
Solution 415	2	1	0	-2	-1	0	2	6	5	7	2	-2	-1	0
Solution 416	2	1	0	-2	-1	0	2	6	5	7	3	-3	-1	0
Solution 417	2	1	0	-2	-1	0	2	6	5	7	4	-4	-1	0
Solution 418	2	1	0	-3	-1	0	2	5	4	7	3	-3	-1	0
Solution 419	2	1	0	-3	-1	0	2	6	4	7	3	-3	-1	0
Solution 420	2	1	0	-3	-1	0	2	6	5	7	3	-3	-1	0
Solution 421	2	1	0	-3	-1	0	2	6	5	7	4	-4	-1	0
Solution 422	2	1	0	-4	-1	0	2	6	5	7	4	-4	-1	0
Solution 423	2	1	0	-2	-1	0	2	5	4	7	3	-3	-2	0
Solution 424	2	1	0	-2	-1	0	2	6	4	7	3	-3	-2	0
Solution 425	2	1	0	-2	-1	0	2	6	5	7	3	-3	-2	0
Solution 426	2	1	0	-2	-1	0	2	6	5	7	4	-4	-2	0
Solution 427	2	1	0	-3	-1	0	2	5	4	7	3	-3	-2	0
Solution 428	2	1	0	-3	-1	0	2	6	4	7	3	-3	-2	0
Solution 429	2	1	0	-3	-1	0	2	6	5	7	3	-3	-2	0
Solution 430	2	1	0	-3	-1	0	2	6	5	7	4	-4	-2	0
Solution 431	2	1	0	-4	-1	0	2	6	5	7	4	-4	-2	0
Solution 432	2	1	0	-2	-1	0	2	6	5	7	4	-4	-3	0
Solution 433	2	1	0	-3	-1	0	2	6	5	7	4	-4	-3	0
Solution 434	2	1	0	-4	-1	0	2	6	5	7	4	-4	-3	0
Solution 435	2	1	0	-3	-2	0	2	5	4	7	3	-3	-1	0
Solution 436	2	1	0	-3	-2	0	2	6	4	7	3	-3	-1	0
Solution 437	2	1	0	-3	-2	0	2	6	5	7	3	-3	-1	0
Solution 438	2	1	0	-3	-2	0	2	6	5	7	4	-4	-1	0
Solution 439	2	1	0	-4	-2	0	2	6	5	7	4	-4	-1	0
Solution 440	2	1	0	-3	-2	0	2	5	4	7	3	-3	-2	0
Solution 441	2	1	0	-3	-2	0	2	6	4	7	3	-3	-2	0
Solution 442	2	1	0	-3	-2	0	2	6	5	7	3	-3	-2	0
Solution 443	2	1	0	-3	-2	0	2	6	5	7	4	-4	-2	0
Solution 444	2	1	0	-4	-2	0	2	6	5	7	4	-4	-2	0
Solution 445	2	1	0	-3	-2	0	2	6	5	7	4	-4	-3	0
Solution 446	2	1	0	-4	-2	0	2	6	5	7	4	-4	-3	0
Solution 447	2	1	0	-4	-3	0	2	6	5	7	4	-4	-1	0
Solution 448	2	1	0	-4	-3	0	2	6	5	7	4	-4	-2	0
Solution 449	2	1	0	-4	-3	0	2	6	5	7	4	-4	-3	0
Solution 450	2	1	0	-1	0	1	3	4	3	7	2	-2	-1	0
Solution 451	2	1	0	-1	0	2	3	4	3	7	2	-2	-1	0
Solution 452	2	1	0	-2	0	1	3	4	3	7	2	-2	-1	0
Solution 453	2	1	0	-2	-1	1	3	4	3	7	2	-2	-1	0
Solution 454	2	1	0	-2	-1	0	3	4	3	7	2	-2	-1	0
Solution 455	2	1	0	-2	0	2	3	4	3	7	2	-2	-1	0
Solution 456	2	1	0	-2	-1	2	3	4	3	7	2	-2	-1	0
Solution 457	2	1	0	-1	0	1	3	5	3	7	2	-2	-1	0
Solution 458	2	1	0	-1	0	1	3	6	3	7	2	-2	-1	0
Solution 459	2	1	0	-1	0	1	3	5	4	7	2	-2	-1	0
Solution 460	2	1	0	-1	0	1	3	5	4	7	3	-3	-1	0
Solution 461	2	1	0	-1	0	1	4	5	4	7	2	-2	-1	0
Solution 462	2	1	0	-1	0	1	4	5	4	7	3	-3	-1	0
Solution 463	2	1	0	-1	0	1	3	6	4	7	2	-2	-1	0
Solution 464	2	1	0	-1	0	1	3	6	4	7	3	-3	-1	0
Solution 465	2	1	0	-1	0	1	4	6	4	7	2	-2	-1	0
Solution 466	2	1	0	-1	0	1	4	6	4	7	3	-3	-1	0
Solution 467	2	1	0	-1	0	1	3	6	5	7	2	-2	-1	0
Solution 468	2	1	0	-1	0	1	4	6	5	7	2	-2	-1	0
Solution 469	2	1	0	-1	0	1	5	6	5	7	2	-2	-1	0
Solution 470	2	1	0	-1	0	1	3	5	4	7	3	-3	-2	0
Solution 471	2	1	0	-1	0	1	3	6	4	7	3	-3	-2	0
Solution 472	2	1	0	-1	0	1	3	6	5	7	3	-3	-1	0
Solution 473	2	1	0	-1	0	1	3	6	5	7	3	-3	-2	0
Solution 474	2	1	0	-1	0	1	3	6	5	7	4	-4	-1	0
Solution 475	2	1	0	-1	0	1	3	6	5	7	4	-4	-2	0
Solution 476	2	1	0	-1	0	1	3	6	5	7	4	-4	-3	0
Solution 477	2	1	0	-1	0	1	4	5	4	7	3	-3	-2	0
Solution 478	2	1	0	-1	0	1	4	6	4	7	3	-3	-2	0
Solution 479	2	1	0	-1	0	1	4	6	5	7	3	-3	-1	0
Solution 480	2	1	0	-1	0	1	4	6	5	7	3	-3	-2	0
Solution 481	2	1	0	-1	0	1	4	6	5	7	4	-4	-1	0
Solution 482	2	1	0	-1	0	1	4	6	5	7	4	-4	-2	0
Solution 483	2	1	0	-1	0	1	4	6	5	7	4	-4	-3	0
Solution 484	2	1	0	-1	0	1	5	6	5	7	3	-3	-1	0
Solution 485	2	1	0	-1	0	1	5	6	5	7	3	-3	-2	0
Solution 486	2	1	0	-1	0	1	5	6	5	7	4	-4	-1	0
Solution 487	2	1	0	-1	0	1	5	6	5	7	4	-4	-2	0
Solution 488	2	1	0	-1	0	1	5	6	5	7	4	-4	-3	0
Solution 489	2	1	0	-1	0	2	3	5	3	7	2	-2	-1	0
Solution 490	2	1	0	-1	0	2	3	6	3	7	2	-2	-1	0
Solution 491	2	1	0	-1	0	2	3	5	4	7	2	-2	-1	0
Solution 492	2	1	0	-1	0	2	3	6	4	7	2	-2	-1	0
Solution 493	2	1	0	-1	0	2	3	6	5	7	2	-2	-1	0
Solution 494	2	1	0	-1	0	2	4	5	4	7	2	-2	-1	0
Solution 495	2	1	0	-1	0	3	4	5	4	7	2	-2	-1	0
Solution 496	2	1	0	-1	0	2	4	6	4	7	2	-2	-1	0
Solution 497	2	1	0	-1	0	3	4	6	4	7	2	-2	-1	0
Solution 498	2	1	0	-1	0	2	4	6	5	7	2	-2	-1	0
Solution 499	2	1	0	-1	0	3	4	6	5	7	2	-2	-1	0
Solution 500	2	1	0	-1	0	2	5	6	5	7	2	-2	-1	0
Solution 501	2	1	0	-1	0	3	5	6	5	7	2	-2	-1	0
Solution 502	2	1	0	-1	0	4	5	6	5	7	2	-2	-1	0
Solution 503	2	1	0	-1	0	2	3	5	4	7	3	-3	-1	0
Solution 504	2	1	0	-1	0	2	4	5	4	7	3	-3	-1	0
Solution 505	2	1	0	-1	0	2	3	6	4	7	3	-3	-1	0
Solution 506	2	1	0	-1	0	2	4	6	4	7	3	-3	-1	0
Solution 507	2	1	0	-1	0	2	3	5	4	7	3	-3	-2	0
Solution 508	2	1	0	-1	0	2	4	5	4	7	3	-3	-2	0
Solution 509	2	1	0	-1	0	2	3	6	4	7	3	-3	-2	0
Solution 510	2	1	0	-1	0	2	4	6	4	7	3	-3	-2	0
Solution 511	2	1	0	-1	0	2	3	6	5	7	3	-3	-1	0
Solution 512	2	1	0	-1	0	2	3	6	5	7	3	-3	-2	0
Solution 513	2	1	0	-1	0	2	3	6	5	7	4	-4	-1	0
Solution 514	2	1	0	-1	0	2	3	6	5	7	4	-4	-2	0
Solution 515	2	1	0	-1	0	2	3	6	5	7	4	-4	-3	0
Solution 516	2	1	0	-1	0	2	4	6	5	7	3	-3	-1	0
Solution 517	2	1	0	-1	0	2	4	6	5	7	3	-3	-2	0
Solution 518	2	1	0	-1	0	2	4	6	5	7	4	-4	-1	0
Solution 519	2	1	0	-1	0	2	4	6	5	7	4	-4	-2	0
Solution 520	2	1	0	-1	0	2	4	6	5	7	4	-4	-3	0
Solution 521	2	1	0	-1	0	2	5	6	5	7	3	-3	-1	0
Solution 522	2	1	0	-1	0	2	5	6	5	7	3	-3	-2	0
Solution 523	2	1	0	-1	0	2	5	6	5	7	4	-4	-1	0
Solution 524	2	1	0	-1	0	2	5	6	5	7	4	-4	-2	0
Solution 525	2	1	0	-1	0	2	5	6	5	7	4	-4	-3	0
Solution 526	2	1	0	-1	0	3	4	5	4	7	3	-3	-1	0
Solution 527	2	1	0	-1	0	3	4	6	4	7	3	-3	-1	0
Solution 528	2	1	0	-1	0	3	4	5	4	7	3	-3	-2	0
Solution 529	2	1	0	-1	0	3	4	6	4	7	3	-3	-2	0
Solution 530	2	1	0	-1	0	3	4	6	5	7	3	-3	-1	0
Solution 531	2	1	0	-1	0	3	4	6	5	7	3	-3	-2	0
Solution 532	2	1	0	-1	0	3	4	6	5	7	4	-4	-1	0
Solution 533	2	1	0	-1	0	3	4	6	5	7	4	-4	-2	0
Solution 534	2	1	0	-1	0	3	4	6	5	7	4	-4	-3	0
Solution 535	2	1	0	-1	0	3	5	6	5	7	3	-3	-1	0
Solution 536	2	1	0	-1	0	3	5	6	5	7	3	-3	-2	0
Solution 537	2	1	0	-1	0	3	5	6	5	7	4	-4	-1	0
Solution 538	2	1	0	-1	0	3	5	6	5	7	4	-4	-2	0
Solution 539	2	1	0	-1	0	3	5	6	5	7	4	-4	-3	0
Solution 540	2	1	0	-1	0	4	5	6	5	7	3	-3	-1	0
Solution 541	2	1	0	-1	0	4	5	6	5	7	3	-3	-2	0
Solution 542	2	1	0	-1	0	4	5	6	5	7	4	-4	-1	0
Solution 543	2	1	0	-1	0	4	5	6	5	7	4	-4	-2	0
Solution 544	2	1	0	-1	0	4	5	6	5	7	4	-4	-3	0
Solution 545	2	1	0	-2	0	1	3	5	3	7	2	-2	-1	0
Solution 546	2	1	0	-2	0	1	3	6	3	7	2	-2	-1	0
Solution 547	2	1	0	-2	-1	1	3	5	3	7	2	-2	-1	0
Solution 548	2	1	0	-2	-1	1	3	6	3	7	2	-2	-1	0
Solution 549	2	1	0	-2	-1	0	3	5	3	7	2	-2	-1	0
Solution 550	2	1	0	-2	-1	0	3	6	3	7	2	-2	-1	0
Solution 551	2	1	0	-2	0	1	3	5	4	7	2	-2	-1	0
Solution 552	2	1	0	-2	0	1	4	5	4	7	2	-2	-1	0
Solution 553	2	1	0	-2	0	1	3	6	4	7	2	-2	-1	0
Solution 554	2	1	0	-2	0	1	4	6	4	7	2	-2	-1	0
Solution 555	2	1	0	-2	0	1	3	6	5	7	2	-2	-1	0
Solution 556	2	1	0	-2	0	1	4	6	5	7	2	-2	-1	0
Solution 557	2	1	0	-2	0	1	5	6	5	7	2	-2	-1	0
Solution 558	2	1	0	-2	0	1	3	5	4	7	3	-3	-1	0
Solution 559	2	1	0	-3	0	1	3	5	4	7	3	-3	-1	0
Solution 560	2	1	0	-2	0	1	4	5	4	7	3	-3	-1	0
Solution 561	2	1	0	-3	0	1	4	5	4	7	3	-3	-1	0
Solution 562	2	1	0	-2	0	1	3	6	4	7	3	-3	-1	0
Solution 563	2	1	0	-3	0	1	3	6	4	7	3	-3	-1	0
Solution 564	2	1	0	-2	0	1	4	6	4	7	3	-3	-1	0
Solution 565	2	1	0	-3	0	1	4	6	4	7	3	-3	-1	0
Solution 566	2	1	0	-2	0	1	3	5	4	7	3	-3	-2	0
Solution 567	2	1	0	-3	0	1	3	5	4	7	3	-3	-2	0
Solution 568	2	1	0	-2	0	1	4	5	4	7	3	-3	-2	0
Solution 569	2	1	0	-3	0	1	4	5	4	7	3	-3	-2	0
Solution 570	2	1	0	-2	0	1	3	6	4	7	3	-3	-2	0
Solution 571	2	1	0	-3	0	1	3	6	4	7	3	-3	-2	0
Solution 572	2	1	0	-2	0	1	4	6	4	7	3	-3	-2	0
Solution 573	2	1	0	-3	0	1	4	6	4	7	3	-3	-2	0
Solution 574	2	1	0	-2	0	1	3	6	5	7	3	-3	-1	0
Solution 575	2	1	0	-3	0	1	3	6	5	7	3	-3	-1	0
Solution 576	2	1	0	-2	0	1	3	6	5	7	3	-3	-2	0
Solution 577	2	1	0	-3	0	1	3	6	5	7	3	-3	-2	0
Solution 578	2	1	0	-2	0	1	3	6	5	7	4	-4	-1	0
Solution 579	2	1	0	-3	0	1	3	6	5	7	4	-4	-1	0
Solution 580	2	1	0	-4	0	1	3	6	5	7	4	-4	-1	0
Solution 581	2	1	0	-2	0	1	3	6	5	7	4	-4	-2	0
Solution 582	2	1	0	-3	0	1	3	6	5	7	4	-4	-2	0
Solution 583	2	1	0	-4	0	1	3	6	5	7	4	-4	-2	0
Solution 584	2	1	0	-2	0	1	3	6	5	7	4	-4	-3	0
Solution 585	2	1	0	-3	0	1	3	6	5	7	4	-4	-3	0
Solution 586	2	1	0	-4	0	1	3	6	5	7	4	-4	-3	0
Solution 587	2	1	0	-2	0	1	4	6	5	7	3	-3	-1	0
Solution 588	2	1	0	-3	0	1	4	6	5	7	3	-3	-1	0
Solution 589	2	1	0	-2	0	1	4	6	5	7	3	-3	-2	0
Solution 590	2	1	0	-3	0	1	4	6	5	7	3	-3	-2	0
Solution 591	2	1	0	-2	0	1	4	6	5	7	4	-4	-1	0
Solution 592	2	1	0	-3	0	1	4	6	5	7	4	-4	-1	0
Solution 593	2	1	0	-4	0	1	4	6	5	7	4	-4	-1	0
Solution 594	2	1	0	-2	0	1	4	6	5	7	4	-4	-2	0
Solution 595	2	1	0	-3	0	1	4	6	5	7	4	-4	-2	0
Solution 596	2	1	0	-4	0	1	4	6	5	7	4	-4	-2	0
Solution 597	2	1	0	-2	0	1	4	6	5	7	4	-4	-3	0
Solution 598	2	1	0	-3	0	1	4	6	5	7	4	-4	-3	0
Solution 599	2	1	0	-4	0	1	4	6	5	7	4	-4	-3	0
Solution 600	2	1	0	-2	0	1	5	6	5	7	3	-3	-1	0
Solution 601	2	1	0	-3	0	1	5	6	5	7	3	-3	-1	0
Solution 602	2	1	0	-2	0	1	5	6	5	7	3	-3	-2	0
Solution 603	2	1	0	-3	0	1	5	6	5	7	3	-3	-2	0
Solution 604	2	1	0	-2	0	1	5	6	5	7	4	-4	-1	0
Solution 605	2	1	0	-3	0	1	5	6	5	7	4	-4	-1	0
Solution 606	2	1	0	-4	0	1	5	6	5	7	4	-4	-1	0
Solution 607	2	1	0	-2	0	1	5	6	5	7	4	-4	-2	0
Solution 608	2	1	0	-3	0	1	5	6	5	7	4	-4	-2	0
Solution 609	2	1	0	-4	0	1	5	6	5	7	4	-4	-2	0
Solution 610	2	1	0	-2	0	1	5	6	5	7	4	-4	-3	0
Solution 611	2	1	0	-3	0	1	5	6	5	7	4	-4	-3	0
Solution 612	2	1	0	-4	0	1	5	6	5	7	4	-4	-3	0
Solution 613	2	1	0	-2	-1	1	3	5	4	7	2	-2	-1	0
Solution 614	2	1	0	-2	-1	1	4	5	4	7	2	-2	-1	0
Solution 615	2	1	0	-2	-1	1	3	6	4	7	2	-2	-1	0
Solution 616	2	1	0	-2	-1	1	4	6	4	7	2	-2	-1	0
Solution 617	2	1	0	-2	-1	1	3	6	5	7	2	-2	-1	0
Solution 618	2	1	0	-2	-1	1	4	6	5	7	2	-2	-1	0
Solution 619	2	1	0	-2	-1	1	5	6	5	7	2	-2	-1	0
Solution 620	2	1	0	-2	-1	1	3	5	4	7	3	-3	-1	0
Solution 621	2	1	0	-3	-1	1	3	5	4	7	3	-3	-1	0
Solution 622	2	1	0	-2	-1	1	4	5	4	7	3	-3	-1	0
Solution 623	2	1	0	-3	-1	1	4	5	4	7	3	-3	-1	0
Solution 624	2	1	0	-3	-2	1	3	5	4	7	3	-3	-1	0
Solution 625	2	1	0	-3	-2	1	4	5	4	7	3	-3	-1	0
Solution 626	2	1	0	-2	-1	1	3	6	4	7	3	-3	-1	0
Solution 627	2	1	0	-3	-1	1	3	6	4	7	3	-3	-1	0
Solution 628	2	1	0	-2	-1	1	4	6	4	7	3	-3	-1	0
Solution 629	2	1	0	-3	-1	1	4	6	4	7	3	-3	-1	0
Solution 630	2	1	0	-3	-2	1	3	6	4	7	3	-3	-1	0
Solution 631	2	1	0	-3	-2	1	4	6	4	7	3	-3	-1	0
Solution 632	2	1	0	-2	-1	1	3	5	4	7	3	-3	-2	0
Solution 633	2	1	0	-3	-1	1	3	5	4	7	3	-3	-2	0
Solution 634	2	1	0	-2	-1	1	4	5	4	7	3	-3	-2	0
Solution 635	2	1	0	-3	-1	1	4	5	4	7	3	-3	-2	0
Solution 636	2	1	0	-3	-2	1	3	5	4	7	3	-3	-2	0
Solution 637	2	1	0	-3	-2	1	4	5	4	7	3	-3	-2	0
Solution 638	2	1	0	-2	-1	1	3	6	4	7	3	-3	-2	0
Solution 639	2	1	0	-3	-1	1	3	6	4	7	3	-3	-2	0
Solution 640	2	1	0	-2	-1	1	4	6	4	7	3	-3	-2	0
Solution 641	2	1	0	-3	-1	1	4	6	4	7	3	-3	-2	0
Solution 642	2	1	0	-3	-2	1	3	6	4	7	3	-3	-2	0
Solution 643	2	1	0	-3	-2	1	4	6	4	7	3	-3	-2	0
Solution 644	2	1	0	-2	-1	1	3	6	5	7	3	-3	-1	0
Solution 645	2	1	0	-3	-1	1	3	6	5	7	3	-3	-1	0
Solution 646	2	1	0	-2	-1	1	3	6	5	7	3	-3	-2	0
Solution 647	2	1	0	-3	-1	1	3	6	5	7	3	-3	-2	0
Solution 648	2	1	0	-2	-1	1	3	6	5	7	4	-4	-1	0
Solution 649	2	1	0	-3	-1	1	3	6	5	7	4	-4	-1	0
Solution 650	2	1	0	-4	-1	1	3	6	5	7	4	-4	-1	0
Solution 651	2	1	0	-2	-1	1	3	6	5	7	4	-4	-2	0
Solution 652	2	1	0	-3	-1	1	3	6	5	7	4	-4	-2	0
Solution 653	2	1	0	-4	-1	1	3	6	5	7	4	-4	-2	0
Solution 654	2	1	0	-2	-1	1	3	6	5	7	4	-4	-3	0
Solution 655	2	1	0	-3	-1	1	3	6	5	7	4	-4	-3	0
Solution 656	2	1	0	-4	-1	1	3	6	5	7	4	-4	-3	0
Solution 657	2	1	0	-2	-1	1	4	6	5	7	3	-3	-1	0
Solution 658	2	1	0	-3	-1	1	4	6	5	7	3	-3	-1	0
Solution 659	2	1	0	-2	-1	1	4	6	5	7	3	-3	-2	0
Solution 660	2	1	0	-3	-1	1	4	6	5	7	3	-3	-2	0
Solution 661	2	1	0	-2	-1	1	4	6	5	7	4	-4	-1	0
Solution 662	2	1	0	-3	-1	1	4	6	5	7	4	-4	-1	0
Solution 663	2	1	0	-4	-1	1	4	6	5	7	4	-4	-1	0
Solution 664	2	1	0	-2	-1	1	4	6	5	7	4	-4	-2	0
Solution 665	2	1	0	-3	-1	1	4	6	5	7	4	-4	-2	0
Solution 666	2	1	0	-4	-1	1	4	6	5	7	4	-4	-2	0
Solution 667	2	1	0	-2	-1	1	4	6	5	7	4	-4	-3	0
Solution 668	2	1	0	-3	-1	1	4	6	5	7	4	-4	-3	0
Solution 669	2	1	0	-4	-1	1	4	6	5	7	4	-4	-3	0
Solution 670	2	1	0	-2	-1	1	5	6	5	7	3	-3	-1	0
Solution 671	2	1	0	-3	-1	1	5	6	5	7	3	-3	-1	0
Solution 672	2	1	0	-2	-1	1	5	6	5	7	3	-3	-2	0
Solution 673	2	1	0	-3	-1	1	5	6	5	7	3	-3	-2	0
Solution 674	2	1	0	-2	-1	1	5	6	5	7	4	-4	-1	0
Solution 675	2	1	0	-3	-1	1	5	6	5	7	4	-4	-1	0
Solution 676	2	1	0	-4	-1	1	5	6	5	7	4	-4	-1	0
Solution 677	2	1	0	-2	-1	1	5	6	5	7	4	-4	-2	0
Solution 678	2	1	0	-3	-1	1	5	6	5	7	4	-4	-2	0
Solution 679	2	1	0	-4	-1	1	5	6	5	7	4	-4	-2	0
Solution 680	2	1	0	-2	-1	1	5	6	5	7	4	-4	-3	0
Solution 681	2	1	0	-3	-1	1	5	6	5	7	4	-4	-3	0
Solution 682	2	1	0	-4	-1	1	5	6	5	7	4	-4	-3	0
Solution 683	2	1	0	-3	-2	1	3	6	5	7	3	-3	-1	0
Solution 684	2	1	0	-3	-2	1	3	6	5	7	3	-3	-2	0
Solution 685	2	1	0	-3	-2	1	3	6	5	7	4	-4	-1	0
Solution 686	2	1	0	-4	-2	1	3	6	5	7	4	-4	-1	0
Solution 687	2	1	0	-3	-2	1	3	6	5	7	4	-4	-2	0
Solution 688	2	1	0	-4	-2	1	3	6	5	7	4	-4	-2	0
Solution 689	2	1	0	-3	-2	1	3	6	5	7	4	-4	-3	0
Solution 690	2	1	0	-4	-2	1	3	6	5	7	4	-4	-3	0
Solution 691	2	1	0	-3	-2	1	4	6	5	7	3	-3	-1	0
Solution 692	2	1	0	-3	-2	1	4	6	5	7	3	-3	-2	0
Solution 693	2	1	0	-3	-2	1	4	6	5	7	4	-4	-1	0
Solution 694	2	1	0	-4	-2	1	4	6	5	7	4	-4	-1	0
Solution 695	2	1	0	-3	-2	1	4	6	5	7	4	-4	-2	0
Solution 696	2	1	0	-4	-2	1	4	6	5	7	4	-4	-2	0
Solution 697	2	1	0	-3	-2	1	4	6	5	7	4	-4	-3	0
Solution 698	2	1	0	-4	-2	1	4	6	5	7	4	-4	-3	0
Solution 699	2	1	0	-3	-2	1	5	6	5	7	3	-3	-1	0
Solution 700	2	1	0	-3	-2	1	5	6	5	7	3	-3	-2	0
Solution 701	2	1	0	-3	-2	1	5	6	5	7	4	-4	-1	0
Solution 702	2	1	0	-4	-2	1	5	6	5	7	4	-4	-1	0
Solution 703	2	1	0	-3	-2	1	5	6	5	7	4	-4	-2	0
Solution 704	2	1	0	-4	-2	1	5	6	5	7	4	-4	-2	0
Solution 705	2	1	0	-3	-2	1	5	6	5	7	4	-4	-3	0
Solution 706	2	1	0	-4	-2	1	5	6	5	7	4	-4	-3	0
Solution 707	2	1	0	-4	-3	1	3	6	5	7	4	-4	-1	0
Solution 708	2	1	0	-4	-3	1	3	6	5	7	4	-4	-2	0
Solution 709	2	1	0	-4	-3	1	3	6	5	7	4	-4	-3	0
Solution 710	2	1	0	-4	-3	1	4	6	5	7	4	-4	-1	0
Solution 711	2	1	0	-4	-3	1	4	6	5	7	4	-4	-2	0
Solution 712	2	1	0	-4	-3	1	4	6	5	7	4	-4	-3	0
Solution 713	2	1	0	-4	-3	1	5	6	5	7	4	-4	-1	0
Solution 714	2	1	0	-4	-3	1	5	6	5	7	4	-4	-2	0
Solution 715	2	1	0	-4	-3	1	5	6	5	7	4	-4	-3	0
Solution 716	2	1	0	-2	-1	0	3	5	4	7	2	-2	-1	0
Solution 717	2	1	0	-2	-1	0	4	5	4	7	2	-2	-1	0
Solution 718	2	1	0	-2	-1	0	3	6	4	7	2	-2	-1	0
Solution 719	2	1	0	-2	-1	0	4	6	4	7	2	-2	-1	0
Solution 720	2	1	0	-2	-1	0	3	6	5	7	2	-2	-1	0
Solution 721	2	1	0	-2	-1	0	4	6	5	7	2	-2	-1	0
Solution 722	2	1	0	-2	-1	0	5	6	5	7	2	-2	-1	0
Solution 723	2	1	0	-2	-1	0	3	5	4	7	3	-3	-1	0
Solution 724	2	1	0	-3	-1	0	3	5	4	7	3	-3	-1	0
Solution 725	2	1	0	-2	-1	0	4	5	4	7	3	-3	-1	0
Solution 726	2	1	0	-3	-1	0	4	5	4	7	3	-3	-1	0
Solution 727	2	1	0	-3	-2	0	3	5	4	7	3	-3	-1	0
Solution 728	2	1	0	-3	-2	0	4	5	4	7	3	-3	-1	0
Solution 729	2	1	0	-2	-1	0	3	6	4	7	3	-3	-1	0
Solution 730	2	1	0	-3	-1	0	3	6	4	7	3	-3	-1	0
Solution 731	2	1	0	-2	-1	0	4	6	4	7	3	-3	-1	0
Solution 732	2	1	0	-3	-1	0	4	6	4	7	3	-3	-1	0
Solution 733	2	1	0	-3	-2	0	3	6	4	7	3	-3	-1	0
Solution 734	2	1	0	-3	-2	0	4	6	4	7	3	-3	-1	0
Solution 735	2	1	0	-2	-1	0	3	5	4	7	3	-3	-2	0
Solution 736	2	1	0	-3	-1	0	3	5	4	7	3	-3	-2	0
Solution 737	2	1	0	-2	-1	0	4	5	4	7	3	-3	-2	0
Solution 738	2	1	0	-3	-1	0	4	5	4	7	3	-3	-2	0
Solution 739	2	1	0	-3	-2	0	3	5	4	7	3	-3	-2	0
Solution 740	2	1	0	-3	-2	0	4	5	4	7	3	-3	-2	0
Solution 741	2	1	0	-2	-1	0	3	6	4	7	3	-3	-2	0
Solution 742	2	1	0	-3	-1	0	3	6	4	7	3	-3	-2	0
Solution 743	2	1	0	-2	-1	0	4	6	4	7	3	-3	-2	0
Solution 744	2	1	0	-3	-1	0	4	6	4	7	3	-3	-2	0
Solution 745	2	1	0	-3	-2	0	3	6	4	7	3	-3	-2	0
Solution 746	2	1	0	-3	-2	0	4	6	4	7	3	-3	-2	0
Solution 747	2	1	0	-2	-1	0	3	6	5	7	3	-3	-1	0
Solution 748	2	1	0	-3	-1	0	3	6	5	7	3	-3	-1	0
Solution 749	2	1	0	-2	-1	0	3	6	5	7	3	-3	-2	0
Solution 750	2	1	0	-3	-1	0	3	6	5	7	3	-3	-2	0
Solution 751	2	1	0	-2	-1	0	3	6	5	7	4	-4	-1	0
Solution 752	2	1	0	-3	-1	0	3	6	5	7	4	-4	-1	0
Solution 753	2	1	0	-4	-1	0	3	6	5	7	4	-4	-1	0
Solution 754	2	1	0	-2	-1	0	3	6	5	7	4	-4	-2	0
Solution 755	2	1	0	-3	-1	0	3	6	5	7	4	-4	-2	0
Solution 756	2	1	0	-4	-1	0	3	6	5	7	4	-4	-2	0
Solution 757	2	1	0	-2	-1	0	3	6	5	7	4	-4	-3	0
Solution 758	2	1	0	-3	-1	0	3	6	5	7	4	-4	-3	0
Solution 759	2	1	0	-4	-1	0	3	6	5	7	4	-4	-3	0
Solution 760	2	1	0	-2	-1	0	4	6	5	7	3	-3	-1	0
Solution 761	2	1	0	-3	-1	0	4	6	5	7	3	-3	-1	0
Solution 762	2	1	0	-2	-1	0	4	6	5	7	3	-3	-2	0
Solution 763	2	1	0	-3	-1	0	4	6	5	7	3	-3	-2	0
Solution 764	2	1	0	-2	-1	0	4	6	5	7	4	-4	-1	0
Solution 765	2	1	0	-3	-1	0	4	6	5	7	4	-4	-1	0
Solution 766	2	1	0	-4	-1	0	4	6	5	7	4	-4	-1	0
Solution 767	2	1	0	-2	-1	0	4	6	5	7	4	-4	-2	0
Solution 768	2	1	0	-3	-1	0	4	6	5	7	4	-4	-2	0
Solution 769	2	1	0	-4	-1	0	4	6	5	7	4	-4	-2	0
Solution 770	2	1	0	-2	-1	0	4	6	5	7	4	-4	-3	0
Solution 771	2	1	0	-3	-1	0	4	6	5	7	4	-4	-3	0
Solution 772	2	1	0	-4	-1	0	4	6	5	7	4	-4	-3	0
Solution 773	2	1	0	-2	-1	0	5	6	5	7	3	-3	-1	0
Solution 774	2	1	0	-3	-1	0	5	6	5	7	3	-3	-1	0
Solution 775	2	1	0	-2	-1	0	5	6	5	7	3	-3	-2	0
Solution 776	2	1	0	-3	-1	0	5	6	5	7	3	-3	-2	0
Solution 777	2	1	0	-2	-1	0	5	6	5	7	4	-4	-1	0
Solution 778	2	1	0	-3	-1	0	5	6	5	7	4	-4	-1	0
Solution 779	2	1	0	-4	-1	0	5	6	5	7	4	-4	-1	0
Solution 780	2	1	0	-2	-1	0	5	6	5	7	4	-4	-2	0
Solution 781	2	1	0	-3	-1	0	5	6	5	7	4	-4	-2	0
Solution 782	2	1	0	-4	-1	0	5	6	5	7	4	-4	-2	0
Solution 783	2	1	0	-2	-1	0	5	6	5	7	4	-4	-3	0
Solution 784	2	1	0	-3	-1	0	5	6	5	7	4	-4	-3	0
Solution 785	2	1	0	-4	-1	0	5	6	5	7	4	-4	-3	0
Solution 786	2	1	0	-3	-2	0	3	6	5	7	3	-3	-1	0
Solution 787	2	1	0	-3	-2	0	3	6	5	7	3	-3	-2	0
Solution 788	2	1	0	-3	-2	0	3	6	5	7	4	-4	-1	0
Solution 789	2	1	0	-4	-2	0	3	6	5	7	4	-4	-1	0
Solution 790	2	1	0	-3	-2	0	3	6	5	7	4	-4	-2	0
Solution 791	2	1	0	-4	-2	0	3	6	5	7	4	-4	-2	0
Solution 792	2	1	0	-3	-2	0	3	6	5	7	4	-4	-3	0
Solution 793	2	1	0	-4	-2	0	3	6	5	7	4	-4	-3	0
Solution 794	2	1	0	-3	-2	0	4	6	5	7	3	-3	-1	0
Solution 795	2	1	0	-3	-2	0	4	6	5	7	3	-3	-2	0
Solution 796	2	1	0	-3	-2	0	4	6	5	7	4	-4	-1	0
Solution 797	2	1	0	-4	-2	0	4	6	5	7	4	-4	-1	0
Solution 798	2	1	0	-3	-2	0	4	6	5	7	4	-4	-2	0
Solution 799	2	1	0	-4	-2	0	4	6	5	7	4	-4	-2	0
Solution 800	2	1	0	-3	-2	0	4	6	5	7	4	-4	-3	0
Solution 801	2	1	0	-4	-2	0	4	6	5	7	4	-4	-3	0
Solution 802	2	1	0	-3	-2	0	5	6	5	7	3	-3	-1	0
Solution 803	2	1	0	-3	-2	0	5	6	5	7	3	-3	-2	0
Solution 804	2	1	0	-3	-2	0	5	6	5	7	4	-4	-1	0
Solution 805	2	1	0	-4	-2	0	5	6	5	7	4	-4	-1	0
Solution 806	2	1	0	-3	-2	0	5	6	5	7	4	-4	-2	0
Solution 807	2	1	0	-4	-2	0	5	6	5	7	4	-4	-2	0
Solution 808	2	1	0	-3	-2	0	5	6	5	7	4	-4	-3	0
Solution 809	2	1	0	-4	-2	0	5	6	5	7	4	-4	-3	0
Solution 810	2	1	0	-4	-3	0	3	6	5	7	4	-4	-1	0
Solution 811	2	1	0	-4	-3	0	3	6	5	7	4	-4	-2	0
Solution 812	2	1	0	-4	-3	0	3	6	5	7	4	-4	-3	0
Solution 813	2	1	0	-4	-3	0	4	6	5	7	4	-4	-1	0
Solution 814	2	1	0	-4	-3	0	4	6	5	7	4	-4	-2	0
Solution 815	2	1	0	-4	-3	0	4	6	5	7	4	-4	-3	0
Solution 816	2	1	0	-4	-3	0	5	6	5	7	4	-4	-1	0
Solution 817	2	1	0	-4	-3	0	5	6	5	7	4	-4	-2	0
Solution 818	2	1	0	-4	-3	0	5	6	5	7	4	-4	-3	0
Solution 819	2	1	0	-2	0	2	3	5	3	7	2	-2	-1	0
Solution 820	2	1	0	-2	0	2	3	6	3	7	2	-2	-1	0
Solution 821	2	1	0	-2	-1	2	3	5	3	7	2	-2	-1	0
Solution 822	2	1	0	-2	-1	2	3	6	3	7	2	-2	-1	0
Solution 823	2	1	0	-2	0	2	3	5	4	7	2	-2	-1	0
Solution 824	2	1	0	-2	0	2	4	5	4	7	2	-2	-1	0
Solution 825	2	1	0	-2	0	2	3	6	4	7	2	-2	-1	0
Solution 826	2	1	0	-2	0	2	4	6	4	7	2	-2	-1	0
Solution 827	2	1	0	-2	0	2	3	6	5	7	2	-2	-1	0
Solution 828	2	1	0	-2	0	2	4	6	5	7	2	-2	-1	0
Solution 829	2	1	0	-2	0	2	5	6	5	7	2	-2	-1	0
Solution 830	2	1	0	-2	0	3	4	5	4	7	2	-2	-1	0
Solution 831	2	1	0	-2	0	3	4	6	4	7	2	-2	-1	0
Solution 832	2	1	0	-2	0	3	4	6	5	7	2	-2	-1	0
Solution 833	2	1	0	-2	0	3	5	6	5	7	2	-2	-1	0
Solution 834	2	1	0	-2	0	4	5	6	5	7	2	-2	-1	0
Solution 835	2	1	0	-2	0	2	3	5	4	7	3	-3	-1	0
Solution 836	2	1	0	-3	0	2	3	5	4	7	3	-3	-1	0
Solution 837	2	1	0	-2	0	2	4	5	4	7	3	-3	-1	0
Solution 838	2	1	0	-3	0	2	4	5	4	7	3	-3	-1	0
Solution 839	2	1	0	-2	0	2	3	6	4	7	3	-3	-1	0
Solution 840	2	1	0	-3	0	2	3	6	4	7	3	-3	-1	0
Solution 841	2	1	0	-2	0	2	4	6	4	7	3	-3	-1	0
Solution 842	2	1	0	-3	0	2	4	6	4	7	3	-3	-1	0
Solution 843	2	1	0	-2	0	2	3	5	4	7	3	-3	-2	0
Solution 844	2	1	0	-3	0	2	3	5	4	7	3	-3	-2	0
Solution 845	2	1	0	-2	0	2	4	5	4	7	3	-3	-2	0
Solution 846	2	1	0	-3	0	2	4	5	4	7	3	-3	-2	0
Solution 847	2	1	0	-2	0	2	3	6	4	7	3	-3	-2	0
Solution 848	2	1	0	-3	0	2	3	6	4	7	3	-3	-2	0
Solution 849	2	1	0	-2	0	2	4	6	4	7	3	-3	-2	0
Solution 850	2	1	0	-3	0	2	4	6	4	7	3	-3	-2	0
Solution 851	2	1	0	-2	0	2	3	6	5	7	3	-3	-1	0
Solution 852	2	1	0	-3	0	2	3	6	5	7	3	-3	-1	0
Solution 853	2	1	0	-2	0	2	3	6	5	7	3	-3	-2	0
Solution 854	2	1	0	-3	0	2	3	6	5	7	3	-3	-2	0
Solution 855	2	1	0	-2	0	2	3	6	5	7	4	-4	-1	0
Solution 856	2	1	0	-3	0	2	3	6	5	7	4	-4	-1	0
Solution 857	2	1	0	-4	0	2	3	6	5	7	4	-4	-1	0
Solution 858	2	1	0	-2	0	2	3	6	5	7	4	-4	-2	0
Solution 859	2	1	0	-3	0	2	3	6	5	7	4	-4	-2	0
Solution 860	2	1	0	-4	0	2	3	6	5	7	4	-4	-2	0
Solution 861	2	1	0	-2	0	2	3	6	5	7	4	-4	-3	0
Solution 862	2	1	0	-3	0	2	3	6	5	7	4	-4	-3	0
Solution 863	2	1	0	-4	0	2	3	6	5	7	4	-4	-3	0
Solution 864	2	1	0	-2	0	2	4	6	5	7	3	-3	-1	0
Solution 865	2	1	0	-3	0	2	4	6	5	7	3	-3	-1	0
Solution 866	2	1	0	-2	0	2	4	6	5	7	3	-3	-2	0
Solution 867	2	1	0	-3	0	2	4	6	5	7	3	-3	-2	0
Solution 868	2	1	0	-2	0	2	4	6	5	7	4	-4	-1	0
Solution 869	2	1	0	-3	0	2	4	6	5	7	4	-4	-1	0
Solution 870	2	1	0	-4	0	2	4	6	5	7	4	-4	-1	0
Solution 871	2	1	0	-2	0	2	4	6	5	7	4	-4	-2	0
Solution 872	2	1	0	-3	0	2	4	6	5	7	4	-4	-2	0
Solution 873	2	1	0	-4	0	2	4	6	5	7	4	-4	-2	0
Solution 874	2	1	0	-2	0	2	4	6	5	7	4	-4	-3	0
Solution 875	2	1	0	-3	0	2	4	6	5	7	4	-4	-3	0
Solution 876	2	1	0	-4	0	2	4	6	5	7	4	-4	-3	0
Solution 877	2	1	0	-2	0	2	5	6	5	7	3	-3	-1	0
Solution 878	2	1	0	-3	0	2	5	6	5	7	3	-3	-1	0
Solution 879	2	1	0	-2	0	2	5	6	5	7	3	-3	-2	0
Solution 880	2	1	0	-3	0	2	5	6	5	7	3	-3	-2	0
Solution 881	2	1	0	-2	0	2	5	6	5	7	4	-4	-1	0
Solution 882	2	1	0	-3	0	2	5	6	5	7	4	-4	-1	0
Solution 883	2	1	0	-4	0	2	5	6	5	7	4	-4	-1	0
Solution 884	2	1	0	-2	0	2	5	6	5	7	4	-4	-2	0
Solution 885	2	1	0	-3	0	2	5	6	5	7	4	-4	-2	0
Solution 886	2	1	0	-4	0	2	5	6	5	7	4	-4	-2	0
Solution 887	2	1	0	-2	0	2	5	6	5	7	4	-4	-3	0
Solution 888	2	1	0	-3	0	2	5	6	5	7	4	-4	-3	0
Solution 889	2	1	0	-4	0	2	5	6	5	7	4	-4	-3	0
Solution 890	2	1	0	-2	0	3	4	5	4	7	3	-3	-1	0
Solution 891	2	1	0	-3	0	3	4	5	4	7	3	-3	-1	0
Solution 892	2	1	0	-2	0	3	4	6	4	7	3	-3	-1	0
Solution 893	2	1	0	-3	0	3	4	6	4	7	3	-3	-1	0
Solution 894	2	1	0	-2	0	3	4	5	4	7	3	-3	-2	0
Solution 895	2	1	0	-3	0	3	4	5	4	7	3	-3	-2	0
Solution 896	2	1	0	-2	0	3	4	6	4	7	3	-3	-2	0
Solution 897	2	1	0	-3	0	3	4	6	4	7	3	-3	-2	0
Solution 898	2	1	0	-2	0	3	4	6	5	7	3	-3	-1	0
Solution 899	2	1	0	-3	0	3	4	6	5	7	3	-3	-1	0
Solution 900	2	1	0	-2	0	3	4	6	5	7	3	-3	-2	0
Solution 901	2	1	0	-3	0	3	4	6	5	7	3	-3	-2	0
Solution 902	2	1	0	-2	0	3	4	6	5	7	4	-4	-1	0
Solution 903	2	1	0	-3	0	3	4	6	5	7	4	-4	-1	0
Solution 904	2	1	0	-4	0	3	4	6	5	7	4	-4	-1	0
Solution 905	2	1	0	-2	0	3	4	6	5	7	4	-4	-2	0
Solution 906	2	1	0	-3	0	3	4	6	5	7	4	-4	-2	0
Solution 907	2	1	0	-4	0	3	4	6	5	7	4	-4	-2	0
Solution 908	2	1	0	-2	0	3	4	6	5	7	4	-4	-3	0
Solution 909	2	1	0	-3	0	3	4	6	5	7	4	-4	-3	0
Solution 910	2	1	0	-4	0	3	4	6	5	7	4	-4	-3	0
Solution 911	2	1	0	-2	0	3	5	6	5	7	3	-3	-1	0
Solution 912	2	1	0	-3	0	3	5	6	5	7	3	-3	-1	0
Solution 913	2	1	0	-2	0	3	5	6	5	7	3	-3	-2	0
Solution 914	2	1	0	-3	0	3	5	6	5	7	3	-3	-2	0
Solution 915	2	1	0	-2	0	3	5	6	5	7	4	-4	-1	0
Solution 916	2	1	0	-3	0	3	5	6	5	7	4	-4	-1	0
Solution 917	2	1	0	-4	0	3	5	6	5	7	4	-4	-1	0
Solution 918	2	1	0	-2	0	3	5	6	5	7	4	-4	-2	0
Solution 919	2	1	0	-3	0	3	5	6	5	7	4	-4	-2	0
Solution 920	2	1	0	-4	0	3	5	6	5	7	4	-4	-2	0
Solution 921	2	1	0	-2	0	3	5	6	5	7	4	-4	-3	0
Solution 922	2	1	0	-3	0	3	5	6	5	7	4	-4	-3	0
Solution 923	2	1	0	-4	0	3	5	6	5	7	4	-4	-3	0
Solution 924	2	1	0	-2	0	4	5	6	5	7	3	-3	-1	0
Solution 925	2	1	0	-3	0	4	5	6	5	7	3	-3	-1	0
Solution 926	2	1	0	-2	0	4	5	6	5	7	3	-3	-2	0
Solution 927	2	1	0	-3	0	4	5	6	5	7	3	-3	-2	0
Solution 928	2	1	0	-2	0	4	5	6	5	7	4	-4	-1	0
Solution 929	2	1	0	-3	0	4	5	6	5	7	4	-4	-1	0
Solution 930	2	1	0	-4	0	4	5	6	5	7	4	-4	-1	0
Solution 931	2	1	0	-2	0	4	5	6	5	7	4	-4	-2	0
Solution 932	2	1	0	-3	0	4	5	6	5	7	4	-4	-2	0
Solution 933	2	1	0	-4	0	4	5	6	5	7	4	-4	-2	0
Solution 934	2	1	0	-2	0	4	5	6	5	7	4	-4	-3	0
Solution 935	2	1	0	-3	0	4	5	6	5	7	4	-4	-3	0
Solution 936	2	1	0	-4	0	4	5	6	5	7	4	-4	-3	0
Solution 937	2	1	0	-2	-1	2	3	5	4	7	2	-2	-1	0
Solution 938	2	1	0	-2	-1	2	4	5	4	7	2	-2	-1	0
Solution 939	2	1	0	-2	-1	2	3	6	4	7	2	-2	-1	0
Solution 940	2	1	0	-2	-1	2	4	6	4	7	2	-2	-1	0
Solution 941	2	1	0	-2	-1	2	3	6	5	7	2	-2	-1	0
Solution 942	2	1	0	-2	-1	2	4	6	5	7	2	-2	-1	0
Solution 943	2	1	0	-2	-1	2	5	6	5	7	2	-2	-1	0
Solution 944	2	1	0	-2	-1	3	4	5	4	7	2	-2	-1	0
Solution 945	2	1	0	-2	-1	3	4	6	4	7	2	-2	-1	0
Solution 946	2	1	0	-2	-1	3	4	6	5	7	2	-2	-1	0
Solution 947	2	1	0	-2	-1	3	5	6	5	7	2	-2	-1	0
Solution 948	2	1	0	-2	-1	4	5	6	5	7	2	-2	-1	0
Solution 949	2	1	0	-2	-1	2	3	5	4	7	3	-3	-1	0
Solution 950	2	1	0	-3	-1	2	3	5	4	7	3	-3	-1	0
Solution 951	2	1	0	-2	-1	2	4	5	4	7	3	-3	-1	0
Solution 952	2	1	0	-3	-1	2	4	5	4	7	3	-3	-1	0
Solution 953	2	1	0	-3	-2	2	3	5	4	7	3	-3	-1	0
Solution 954	2	1	0	-3	-2	2	4	5	4	7	3	-3	-1	0
Solution 955	2	1	0	-2	-1	2	3	6	4	7	3	-3	-1	0
Solution 956	2	1	0	-3	-1	2	3	6	4	7	3	-3	-1	0
Solution 957	2	1	0	-2	-1	2	4	6	4	7	3	-3	-1	0
Solution 958	2	1	0	-3	-1	2	4	6	4	7	3	-3	-1	0
Solution 959	2	1	0	-3	-2	2	3	6	4	7	3	-3	-1	0
Solution 960	2	1	0	-3	-2	2	4	6	4	7	3	-3	-1	0
Solution 961	2	1	0	-2	-1	2	3	5	4	7	3	-3	-2	0
Solution 962	2	1	0	-3	-1	2	3	5	4	7	3	-3	-2	0
Solution 963	2	1	0	-2	-1	2	4	5	4	7	3	-3	-2	0
Solution 964	2	1	0	-3	-1	2	4	5	4	7	3	-3	-2	0
Solution 965	2	1	0	-3	-2	2	3	5	4	7	3	-3	-2	0
Solution 966	2	1	0	-3	-2	2	4	5	4	7	3	-3	-2	0
Solution 967	2	1	0	-2	-1	2	3	6	4	7	3	-3	-2	0
Solution 968	2	1	0	-3	-1	2	3	6	4	7	3	-3	-2	0
Solution 969	2	1	0	-2	-1	2	4	6	4	7	3	-3	-2	0
Solution 970	2	1	0	-3	-1	2	4	6	4	7	3	-3	-2	0
Solution 971	2	1	0	-3	-2	2	3	6	4	7	3	-3	-2	0
Solution 972	2	1	0	-3	-2	2	4	6	4	7	3	-3	-2	0
Solution 973	2	1	0	-2	-1	2	3	6	5	7	3	-3	-1	0
Solution 974	2	1	0	-3	-1	2	3	6	5	7	3	-3	-1	0
Solution 975	2	1	0	-2	-1	2	3	6	5	7	3	-3	-2	0
Solution 976	2	1	0	-3	-1	2	3	6	5	7	3	-3	-2	0
Solution 977	2	1	0	-2	-1	2	3	6	5	7	4	-4	-1	0
Solution 978	2	1	0	-3	-1	2	3	6	5	7	4	-4	-1	0
Solution 979	2	1	0	-4	-1	2	3	6	5	7	4	-4	-1	0
Solution 980	2	1	0	-2	-1	2	3	6	5	7	4	-4	-2	0
Solution 981	2	1	0	-3	-1	2	3	6	5	7	4	-4	-2	0
Solution 982	2	1	0	-4	-1	2	3	6	5	7	4	-4	-2	0
Solution 983	2	1	0	-2	-1	2	3	6	5	7	4	-4	-3	0
Solution 984	2	1	0	-3	-1	2	3	6	5	7	4	-4	-3	0
Solution 985	2	1	0	-4	-1	2	3	6	5	7	4	-4	-3	0
Solution 986	2	1	0	-2	-1	2	4	6	5	7	3	-3	-1	0
Solution 987	2	1	0	-3	-1	2	4	6	5	7	3	-3	-1	0
Solution 988	2	1	0	-2	-1	2	4	6	5	7	3	-3	-2	0
Solution 989	2	1	0	-3	-1	2	4	6	5	7	3	-3	-2	0
Solution 990	2	1	0	-2	-1	2	4	6	5	7	4	-4	-1	0
Solution 991	2	1	0	-3	-1	2	4	6	5	7	4	-4	-1	0
Solution 992	2	1	0	-4	-1	2	4	6	5	7	4	-4	-1	0
Solution 993	2	1	0	-2	-1	2	4	6	5	7	4	-4	-2	0
Solution 994	2	1	0	-3	-1	2	4	6	5	7	4	-4	-2	0
Solution 995	2	1	0	-4	-1	2	4	6	5	7	4	-4	-2	0
Solution 996	2	1	0	-2	-1	2	4	6	5	7	4	-4	-3	0
Solution 997	2	1	0	-3	-1	2	4	6	5	7	4	-4	-3	0
Solution 998	2	1	0	-4	-1	2	4	6	5	7	4	-4	-3	0
Solution 999	2	1	0	-2	-1	2	5	6	5	7	3	-3	-1	0
Solution 1000	2	1	0	-3	-1	2	5	6	5	7	3	-3	-1	0
Solution 1001	2	1	0	-2	-1	2	5	6	5	7	3	-3	-2	0
Solution 1002	2	1	0	-3	-1	2	5	6	5	7	3	-3	-2	0
Solution 1003	2	1	0	-2	-1	2	5	6	5	7	4	-4	-1	0
Solution 1004	2	1	0	-3	-1	2	5	6	5	7	4	-4	-1	0
Solution 1005	2	1	0	-4	-1	2	5	6	5	7	4	-4	-1	0
Solution 1006	2	1	0	-2	-1	2	5	6	5	7	4	-4	-2	0
Solution 1007	2	1	0	-3	-1	2	5	6	5	7	4	-4	-2	0
Solution 1008	2	1	0	-4	-1	2	5	6	5	7	4	-4	-2	0
Solution 1009	2	1	0	-2	-1	2	5	6	5	7	4	-4	-3	0
Solution 1010	2	1	0	-3	-1	2	5	6	5	7	4	-4	-3	0
Solution 1011	2	1	0	-4	-1	2	5	6	5	7	4	-4	-3	0
Solution 1012	2	1	0	-3	-2	2	3	6	5	7	3	-3	-1	0
Solution 1013	2	1	0	-3	-2	2	3	6	5	7	3	-3	-2	0
Solution 1014	2	1	0	-3	-2	2	3	6	5	7	4	-4	-1	0
Solution 1015	2	1	0	-4	-2	2	3	6	5	7	4	-4	-1	0
Solution 1016	2	1	0	-3	-2	2	3	6	5	7	4	-4	-2	0
Solution 1017	2	1	0	-4	-2	2	3	6	5	7	4	-4	-2	0
Solution 1018	2	1	0	-3	-2	2	3	6	5	7	4	-4	-3	0
Solution 1019	2	1	0	-4	-2	2	3	6	5	7	4	-4	-3	0
Solution 1020	2	1	0	-3	-2	2	4	6	5	7	3	-3	-1	0
Solution 1021	2	1	0	-3	-2	2	4	6	5	7	3	-3	-2	0
Solution 1022	2	1	0	-3	-2	2	4	6	5	7	4	-4	-1	0
Solution 1023	2	1	0	-4	-2	2	4	6	5	7	4	-4	-1	0
Solution 1024	2	1	0	-3	-2	2	4	6	5	7	4	-4	-2	0
Solution 1025	2	1	0	-4	-2	2	4	6	5	7	4	-4	-2	0
Solution 1026	2	1	0	-3	-2	2	4	6	5	7	4	-4	-3	0
Solution 1027	2	1	0	-4	-2	2	4	6	5	7	4	-4	-3	0
Solution 1028	2	1	0	-3	-2	2	5	6	5	7	3	-3	-1	0
Solution 1029	2	1	0	-3	-2	2	5	6	5	7	3	-3	-2	0
Solution 1030	2	1	0	-3	-2	2	5	6	5	7	4	-4	-1	0
Solution 1031	2	1	0	-4	-2	2	5	6	5	7	4	-4	-1	0
Solution 1032	2	1	0	-3	-2	2	5	6	5	7	4	-4	-2	0
Solution 1033	2	1	0	-4	-2	2	5	6	5	7	4	-4	-2	0
Solution 1034	2	1	0	-3	-2	2	5	6	5	7	4	-4	-3	0
Solution 1035	2	1	0	-4	-2	2	5	6	5	7	4	-4	-3	0
Solution 1036	2	1	0	-4	-3	2	3	6	5	7	4	-4	-1	0
Solution 1037	2	1	0	-4	-3	2	3	6	5	7	4	-4	-2	0
Solution 1038	2	1	0	-4	-3	2	3	6	5	7	4	-4	-3	0
Solution 1039	2	1	0	-4	-3	2	4	6	5	7	4	-4	-1	0
Solution 1040	2	1	0	-4	-3	2	4	6	5	7	4	-4	-2	0
Solution 1041	2	1	0	-4	-3	2	4	6	5	7	4	-4	-3	0
Solution 1042	2	1	0	-4	-3	2	5	6	5	7	4	-4	-1	0
Solution 1043	2	1	0	-4	-3	2	5	6	5	7	4	-4	-2	0
Solution 1044	2	1	0	-4	-3	2	5	6	5	7	4	-4	-3	0
Solution 1045	2	1	0	-2	-1	3	4	5	4	7	3	-3	-1	0
Solution 1046	2	1	0	-3	-1	3	4	5	4	7	3	-3	-1	0
Solution 1047	2	1	0	-3	-2	3	4	5	4	7	3	-3	-1	0
Solution 1048	2	1	0	-2	-1	3	4	6	4	7	3	-3	-1	0
Solution 1049	2	1	0	-3	-1	3	4	6	4	7	3	-3	-1	0
Solution 1050	2	1	0	-3	-2	3	4	6	4	7	3	-3	-1	0
Solution 1051	2	1	0	-2	-1	3	4	5	4	7	3	-3	-2	0
Solution 1052	2	1	0	-3	-1	3	4	5	4	7	3	-3	-2	0
Solution 1053	2	1	0	-3	-2	3	4	5	4	7	3	-3	-2	0
Solution 1054	2	1	0	-2	-1	3	4	6	4	7	3	-3	-2	0
Solution 1055	2	1	0	-3	-1	3	4	6	4	7	3	-3	-2	0
Solution 1056	2	1	0	-3	-2	3	4	6	4	7	3	-3	-2	0
Solution 1057	2	1	0	-2	-1	3	4	6	5	7	3	-3	-1	0
Solution 1058	2	1	0	-3	-1	3	4	6	5	7	3	-3	-1	0
Solution 1059	2	1	0	-2	-1	3	4	6	5	7	3	-3	-2	0
Solution 1060	2	1	0	-3	-1	3	4	6	5	7	3	-3	-2	0
Solution 1061	2	1	0	-2	-1	3	4	6	5	7	4	-4	-1	0
Solution 1062	2	1	0	-3	-1	3	4	6	5	7	4	-4	-1	0
Solution 1063	2	1	0	-4	-1	3	4	6	5	7	4	-4	-1	0
Solution 1064	2	1	0	-2	-1	3	4	6	5	7	4	-4	-2	0
Solution 1065	2	1	0	-3	-1	3	4	6	5	7	4	-4	-2	0
Solution 1066	2	1	0	-4	-1	3	4	6	5	7	4	-4	-2	0
Solution 1067	2	1	0	-2	-1	3	4	6	5	7	4	-4	-3	0
Solution 1068	2	1	0	-3	-1	3	4	6	5	7	4	-4	-3	0
Solution 1069	2	1	0	-4	-1	3	4	6	5	7	4	-4	-3	0
Solution 1070	2	1	0	-2	-1	3	5	6	5	7	3	-3	-1	0
Solution 1071	2	1	0	-3	-1	3	5	6	5	7	3	-3	-1	0
Solution 1072	2	1	0	-2	-1	3	5	6	5	7	3	-3	-2	0
Solution 1073	2	1	0	-3	-1	3	5	6	5	7	3	-3	-2	0
Solution 1074	2	1	0	-2	-1	3	5	6	5	7	4	-4	-1	0
Solution 1075	2	1	0	-3	-1	3	5	6	5	7	4	-4	-1	0
Solution 1076	2	1	0	-4	-1	3	5	6	5	7	4	-4	-1	0
Solution 1077	2	1	0	-2	-1	3	5	6	5	7	4	-4	-2	0
Solution 1078	2	1	0	-3	-1	3	5	6	5	7	4	-4	-2	0
Solution 1079	2	1	0	-4	-1	3	5	6	5	7	4	-4	-2	0
Solution 1080	2	1	0	-2	-1	3	5	6	5	7	4	-4	-3	0
Solution 1081	2	1	0	-3	-1	3	5	6	5	7	4	-4	-3	0
Solution 1082	2	1	0	-4	-1	3	5	6	5	7	4	-4	-3	0
Solution 1083	2	1	0	-3	-2	3	4	6	5	7	3	-3	-1	0
Solution 1084	2	1	0	-3	-2	3	4	6	5	7	3	-3	-2	0
Solution 1085	2	1	0	-3	-2	3	4	6	5	7	4	-4	-1	0
Solution 1086	2	1	0	-4	-2	3	4	6	5	7	4	-4	-1	0
Solution 1087	2	1	0	-3	-2	3	4	6	5	7	4	-4	-2	0
Solution 1088	2	1	0	-4	-2	3	4	6	5	7	4	-4	-2	0
Solution 1089	2	1	0	-3	-2	3	4	6	5	7	4	-4	-3	0
Solution 1090	2	1	0	-4	-2	3	4	6	5	7	4	-4	-3	0
Solution 1091	2	1	0	-3	-2	3	5	6	5	7	3	-3	-1	0
Solution 1092	2	1	0	-3	-2	3	5	6	5	7	3	-3	-2	0
Solution 1093	2	1	0	-3	-2	3	5	6	5	7	4	-4	-1	0
Solution 1094	2	1	0	-4	-2	3	5	6	5	7	4	-4	-1	0
Solution 1095	2	1	0	-3	-2	3	5	6	5	7	4	-4	-2	0
Solution 1096	2	1	0	-4	-2	3	5	6	5	7	4	-4	-2	0
Solution 1097	2	1	0	-3	-2	3	5	6	5	7	4	-4	-3	0
Solution 1098	2	1	0	-4	-2	3	5	6	5	7	4	-4	-3	0
Solution 1099	2	1	0	-4	-3	3	4	6	5	7	4	-4	-1	0
Solution 1100	2	1	0	-4	-3	3	4	6	5	7	4	-4	-2	0
Solution 1101	2	1	0	-4	-3	3	4	6	5	7	4	-4	-3	0
Solution 1102	2	1	0	-4	-3	3	5	6	5	7	4	-4	-1	0
Solution 1103	2	1	0	-4	-3	3	5	6	5	7	4	-4	-2	0
Solution 1104	2	1	0	-4	-3	3	5	6	5	7	4	-4	-3	0
Solution 1105	2	1	0	-2	-1	4	5	6	5	7	3	-3	-1	0
Solution 1106	2	1	0	-3	-1	4	5	6	5	7	3	-3	-1	0
Solution 1107	2	1	0	-2	-1	4	5	6	5	7	3	-3	-2	0
Solution 1108	2	1	0	-3	-1	4	5	6	5	7	3	-3	-2	0
Solution 1109	2	1	0	-2	-1	4	5	6	5	7	4	-4	-1	0
Solution 1110	2	1	0	-3	-1	4	5	6	5	7	4	-4	-1	0
Solution 1111	2	1	0	-4	-1	4	5	6	5	7	4	-4	-1	0
Solution 1112	2	1	0	-2	-1	4	5	6	5	7	4	-4	-2	0
Solution 1113	2	1	0	-3	-1	4	5	6	5	7	4	-4	-2	0
Solution 1114	2	1	0	-4	-1	4	5	6	5	7	4	-4	-2	0
Solution 1115	2	1	0	-2	-1	4	5	6	5	7	4	-4	-3	0
Solution 1116	2	1	0	-3	-1	4	5	6	5	7	4	-4	-3	0
Solution 1117	2	1	0	-4	-1	4	5	6	5	7	4	-4	-3	0
Solution 1118	2	1	0	-3	-2	4	5	6	5	7	3	-3	-1	0
Solution 1119	2	1	0	-3	-2	4	5	6	5	7	3	-3	-2	0
Solution 1120	2	1	0	-3	-2	4	5	6	5	7	4	-4	-1	0
Solution 1121	2	1	0	-4	-2	4	5	6	5	7	4	-4	-1	0
Solution 1122	2	1	0	-3	-2	4	5	6	5	7	4	-4	-2	0
Solution 1123	2	1	0	-4	-2	4	5	6	5	7	4	-4	-2	0
Solution 1124	2	1	0	-3	-2	4	5	6	5	7	4	-4	-3	0
Solution 1125	2	1	0	-4	-2	4	5	6	5	7	4	-4	-3	0
Solution 1126	2	1	0	-4	-3	4	5	6	5	7	4	-4	-1	0
Solution 1127	2	1	0	-4	-3	4	5	6	5	7	4	-4	-2	0
Solution 1128	2	1	0	-4	-3	4	5	6	5	7	4	-4	-3	0
Solution 1129	3	1	0	-1	0	1	2	3	2	5	1	-1	0	1
Solution 1130	3	1	0	-1	0	1	2	3	2	4	1	-1	0	2
Solution 1131	4	1	0	-1	0	1	2	3	2	4	1	-1	0	1
Solution 1132	3	2	0	-1	0	1	2	3	2	4	1	-1	0	2
Solution 1133	4	2	0	-1	0	1	2	3	2	4	1	-1	0	1
Solution 1134	4	3	0	-1	0	1	2	3	2	4	1	-1	0	1
Solution 1135	3	2	0	-1	0	1	2	3	2	5	1	-1	0	1
Solution 1136	3	1	0	-1	0	1	2	4	2	5	1	-1	0	1
Solution 1137	3	2	0	-1	0	1	2	4	2	5	1	-1	0	1
Solution 1138	3	1	0	-1	0	1	2	4	3	5	1	-1	0	1
Solution 1139	3	2	0	-1	0	1	2	4	3	5	1	-1	0	1
Solution 1140	3	1	0	-1	0	1	2	4	3	5	2	-2	0	1
Solution 1141	3	2	0	-1	0	1	2	4	3	5	2	-2	0	1
Solution 1142	3	1	0	-2	0	1	2	4	3	5	2	-2	0	1
Solution 1143	3	2	0	-2	0	1	2	4	3	5	2	-2	0	1
Solution 1144	3	1	0	-2	-1	1	2	4	3	5	2	-2	0	1
Solution 1145	3	2	0	-2	-1	1	2	4	3	5	2	-2	0	1
Solution 1146	3	1	0	-2	-1	0	1	4	3	5	2	-2	0	1
Solution 1147	3	2	0	-2	-1	0	1	4	3	5	2	-2	0	1
Solution 1148	3	1	0	-2	-1	0	2	4	3	5	2	-2	0	1
Solution 1149	3	2	0	-2	-1	0	2	4	3	5	2	-2	0	1
Solution 1150	3	1	0	-1	0	1	3	4	3	5	1	-1	0	1
Solution 1151	3	2	0	-1	0	1	3	4	3	5	1	-1	0	1
Solution 1152	3	1	0	-1	0	1	3	4	3	5	2	-2	0	1
Solution 1153	3	2	0	-1	0	1	3	4	3	5	2	-2	0	1
Solution 1154	3	1	0	-1	0	2	3	4	3	5	1	-1	0	1
Solution 1155	3	2	0	-1	0	2	3	4	3	5	1	-1	0	1
Solution 1156	3	1	0	-1	0	2	3	4	3	5	2	-2	0	1
Solution 1157	3	2	0	-1	0	2	3	4	3	5	2	-2	0	1
Solution 1158	3	1	0	-2	0	1	3	4	3	5	2	-2	0	1
Solution 1159	3	2	0	-2	0	1	3	4	3	5	2	-2	0	1
Solution 1160	3	1	0	-2	-1	1	3	4	3	5	2	-2	0	1
Solution 1161	3	2	0	-2	-1	1	3	4	3	5	2	-2	0	1
Solution 1162	3	1	0	-2	-1	0	3	4	3	5	2	-2	0	1
Solution 1163	3	2	0	-2	-1	0	3	4	3	5	2	-2	0	1
Solution 1164	3	1	0	-2	0	2	3	4	3	5	2	-2	0	1
Solution 1165	3	2	0	-2	0	2	3	4	3	5	2	-2	0	1
Solution 1166	3	1	0	-2	-1	2	3	4	3	5	2	-2	0	1
Solution 1167	3	2	0	-2	-1	2	3	4	3	5	2	-2	0	1
Solution 1168	3	1	0	-1	0	1	2	4	3	5	2	-2	-1	1
Solution 1169	3	2	0	-1	0	1	2	4	3	5	2	-2	-1	1
Solution 1170	4	1	0	-1	0	1	2	4	3	5	2	-2	-1	0
Solution 1171	4	2	0	-1	0	1	2	4	3	5	2	-2	-1	0
Solution 1172	4	3	0	-1	0	1	2	4	3	5	2	-2	-1	0
Solution 1173	3	1	0	-2	0	1	2	4	3	5	2	-2	-1	1
Solution 1174	3	2	0	-2	0	1	2	4	3	5	2	-2	-1	1
Solution 1175	3	1	0	-2	-1	1	2	4	3	5	2	-2	-1	1
Solution 1176	3	2	0	-2	-1	1	2	4	3	5	2	-2	-1	1
Solution 1177	4	1	0	-2	0	1	2	4	3	5	2	-2	-1	0
Solution 1178	4	1	0	-2	-1	1	2	4	3	5	2	-2	-1	0
Solution 1179	4	2	0	-2	0	1	2	4	3	5	2	-2	-1	0
Solution 1180	4	2	0	-2	-1	1	2	4	3	5	2	-2	-1	0
Solution 1181	4	3	0	-2	0	1	2	4	3	5	2	-2	-1	0
Solution 1182	4	3	0	-2	-1	1	2	4	3	5	2	-2	-1	0
Solution 1183	3	1	0	-2	-1	0	1	4	3	5	2	-2	-1	1
Solution 1184	3	2	0	-2	-1	0	1	4	3	5	2	-2	-1	1
Solution 1185	4	1	0	-2	-1	0	1	4	3	5	2	-2	-1	0
Solution 1186	4	2	0	-2	-1	0	1	4	3	5	2	-2	-1	0
Solution 1187	4	3	0	-2	-1	0	1	4	3	5	2	-2	-1	0
Solution 1188	3	1	0	-2	-1	0	2	4	3	5	2	-2	-1	1
Solution 1189	3	2	0	-2	-1	0	2	4	3	5	2	-2	-1	1
Solution 1190	4	1	0	-2	-1	0	2	4	3	5	2	-2	-1	0
Solution 1191	4	2	0	-2	-1	0	2	4	3	5	2	-2	-1	0
Solution 1192	4	3	0	-2	-1	0	2	4	3	5	2	-2	-1	0
Solution 1193	3	1	0	-1	0	1	3	4	3	5	2	-2	-1	1
Solution 1194	3	2	0	-1	0	1	3	4	3	5	2	-2	-1	1
Solution 1195	4	1	0	-1	0	1	3	4	3	5	2	-2	-1	0
Solution 1196	4	2	0	-1	0	1	3	4	3	5	2	-2	-1	0
Solution 1197	4	3	0	-1	0	1	3	4	3	5	2	-2	-1	0
Solution 1198	3	1	0	-1	0	2	3	4	3	5	2	-2	-1	1
Solution 1199	3	2	0	-1	0	2	3	4	3	5	2	-2	-1	1
Solution 1200	4	1	0	-1	0	2	3	4	3	5	2	-2	-1	0
Solution 1201	4	2	0	-1	0	2	3	4	3	5	2	-2	-1	0
Solution 1202	4	3	0	-1	0	2	3	4	3	5	2	-2	-1	0
Solution 1203	3	1	0	-2	0	1	3	4	3	5	2	-2	-1	1
Solution 1204	3	2	0	-2	0	1	3	4	3	5	2	-2	-1	1
Solution 1205	3	1	0	-2	-1	1	3	4	3	5	2	-2	-1	1
Solution 1206	3	2	0	-2	-1	1	3	4	3	5	2	-2	-1	1
Solution 1207	4	1	0	-2	0	1	3	4	3	5	2	-2	-1	0
Solution 1208	4	2	0	-2	0	1	3	4	3	5	2	-2	-1	0
Solution 1209	4	3	0	-2	0	1	3	4	3	5	2	-2	-1	0
Solution 1210	4	1	0	-2	-1	1	3	4	3	5	2	-2	-1	0
Solution 1211	4	2	0	-2	-1	1	3	4	3	5	2	-2	-1	0
Solution 1212	4	3	0	-2	-1	1	3	4	3	5	2	-2	-1	0
Solution 1213	3	1	0	-2	-1	0	3	4	3	5	2	-2	-1	1
Solution 1214	3	2	0	-2	-1	0	3	4	3	5	2	-2	-1	1
Solution 1215	4	1	0	-2	-1	0	3	4	3	5	2	-2	-1	0
Solution 1216	4	2	0	-2	-1	0	3	4	3	5	2	-2	-1	0
Solution 1217	4	3	0	-2	-1	0	3	4	3	5	2	-2	-1	0
Solution 1218	3	1	0	-2	0	2	3	4	3	5	2	-2	-1	1
Solution 1219	3	2	0	-2	0	2	3	4	3	5	2	-2	-1	1
Solution 1220	4	1	0	-2	0	2	3	4	3	5	2	-2	-1	0
Solution 1221	4	2	0	-2	0	2	3	4	3	5	2	-2	-1	0
Solution 1222	4	3	0	-2	0	2	3	4	3	5	2	-2	-1	0
Solution 1223	3	1	0	-2	-1	2	3	4	3	5	2	-2	-1	1
Solution 1224	3	2	0	-2	-1	2	3	4	3	5	2	-2	-1	1
Solution 1225	4	1	0	-2	-1	2	3	4	3	5	2	-2	-1	0
Solution 1226	4	2	0	-2	-1	2	3	4	3	5	2	-2	-1	0
Solution 1227	4	3	0	-2	-1	2	3	4	3	5	2	-2	-1	0
Solution 1228	3	1	0	-1	0	1	2	4	3	6	2	-2	-1	0
Solution 1229	3	2	0	-1	0	1	2	4	3	6	2	-2	-1	0
Solution 1230	3	1	0	-2	0	1	2	4	3	6	2	-2	-1	0
Solution 1231	3	2	0	-2	0	1	2	4	3	6	2	-2	-1	0
Solution 1232	3	1	0	-2	-1	1	2	4	3	6	2	-2	-1	0
Solution 1233	3	2	0	-2	-1	1	2	4	3	6	2	-2	-1	0
Solution 1234	3	1	0	-2	-1	0	1	4	3	6	2	-2	-1	0
Solution 1235	3	2	0	-2	-1	0	1	4	3	6	2	-2	-1	0
Solution 1236	3	1	0	-2	-1	0	2	4	3	6	2	-2	-1	0
Solution 1237	3	2	0	-2	-1	0	2	4	3	6	2	-2	-1	0
Solution 1238	3	1	0	-1	0	1	2	5	3	6	2	-2	-1	0
Solution 1239	3	2	0	-1	0	1	2	5	3	6	2	-2	-1	0
Solution 1240	3	1	0	-1	0	1	2	5	4	6	2	-2	-1	0
Solution 1241	3	2	0	-1	0	1	2	5	4	6	2	-2	-1	0
Solution 1242	3	1	0	-1	0	1	2	5	4	6	3	-3	-1	0
Solution 1243	3	2	0	-1	0	1	2	5	4	6	3	-3	-1	0
Solution 1244	3	1	0	-1	0	1	2	5	4	6	3	-3	-2	0
Solution 1245	3	2	0	-1	0	1	2	5	4	6	3	-3	-2	0
Solution 1246	3	1	0	-2	0	1	2	5	3	6	2	-2	-1	0
Solution 1247	3	2	0	-2	0	1	2	5	3	6	2	-2	-1	0
Solution 1248	3	1	0	-2	-1	1	2	5	3	6	2	-2	-1	0
Solution 1249	3	2	0	-2	-1	1	2	5	3	6	2	-2	-1	0
Solution 1250	3	1	0	-2	-1	0	1	5	3	6	2	-2	-1	0
Solution 1251	3	2	0	-2	-1	0	1	5	3	6	2	-2	-1	0
Solution 1252	3	1	0	-2	-1	0	2	5	3	6	2	-2	-1	0
Solution 1253	3	2	0	-2	-1	0	2	5	3	6	2	-2	-1	0
Solution 1254	3	1	0	-2	0	1	2	5	4	6	2	-2	-1	0
Solution 1255	3	2	0	-2	0	1	2	5	4	6	2	-2	-1	0
Solution 1256	3	1	0	-2	0	1	2	5	4	6	3	-3	-1	0
Solution 1257	3	1	0	-3	0	1	2	5	4	6	3	-3	-1	0
Solution 1258	3	2	0	-2	0	1	2	5	4	6	3	-3	-1	0
Solution 1259	3	2	0	-3	0	1	2	5	4	6	3	-3	-1	0
Solution 1260	3	1	0	-2	0	1	2	5	4	6	3	-3	-2	0
Solution 1261	3	1	0	-3	0	1	2	5	4	6	3	-3	-2	0
Solution 1262	3	2	0	-2	0	1	2	5	4	6	3	-3	-2	0
Solution 1263	3	2	0	-3	0	1	2	5	4	6	3	-3	-2	0
Solution 1264	3	1	0	-2	-1	1	2	5	4	6	2	-2	-1	0
Solution 1265	3	2	0	-2	-1	1	2	5	4	6	2	-2	-1	0
Solution 1266	3	1	0	-2	-1	1	2	5	4	6	3	-3	-1	0
Solution 1267	3	1	0	-3	-1	1	2	5	4	6	3	-3	-1	0
Solution 1268	3	2	0	-2	-1	1	2	5	4	6	3	-3	-1	0
Solution 1269	3	2	0	-3	-1	1	2	5	4	6	3	-3	-1	0
Solution 1270	3	1	0	-2	-1	1	2	5	4	6	3	-3	-2	0
Solution 1271	3	1	0	-3	-1	1	2	5	4	6	3	-3	-2	0
Solution 1272	3	2	0	-2	-1	1	2	5	4	6	3	-3	-2	0
Solution 1273	3	2	0	-3	-1	1	2	5	4	6	3	-3	-2	0
Solution 1274	3	1	0	-3	-2	1	2	5	4	6	3	-3	-1	0
Solution 1275	3	2	0	-3	-2	1	2	5	4	6	3	-3	-1	0
Solution 1276	3	1	0	-3	-2	1	2	5	4	6	3	-3	-2	0
Solution 1277	3	2	0	-3	-2	1	2	5	4	6	3	-3	-2	0
Solution 1278	3	1	0	-2	-1	0	1	5	4	6	2	-2	-1	0
Solution 1279	3	2	0	-2	-1	0	1	5	4	6	2	-2	-1	0
Solution 1280	3	1	0	-2	-1	0	1	5	4	6	3	-3	-1	0
Solution 1281	3	1	0	-3	-1	0	1	5	4	6	3	-3	-1	0
Solution 1282	3	2	0	-2	-1	0	1	5	4	6	3	-3	-1	0
Solution 1283	3	2	0	-3	-1	0	1	5	4	6	3	-3	-1	0
Solution 1284	3	1	0	-2	-1	0	1	5	4	6	3	-3	-2	0
Solution 1285	3	1	0	-3	-1	0	1	5	4	6	3	-3	-2	0
Solution 1286	3	2	0	-2	-1	0	1	5	4	6	3	-3	-2	0
Solution 1287	3	2	0	-3	-1	0	1	5	4	6	3	-3	-2	0
Solution 1288	3	1	0	-3	-2	0	1	5	4	6	3	-3	-1	0
Solution 1289	3	2	0	-3	-2	0	1	5	4	6	3	-3	-1	0
Solution 1290	3	1	0	-3	-2	0	1	5	4	6	3	-3	-2	0
Solution 1291	3	2	0	-3	-2	0	1	5	4	6	3	-3	-2	0
Solution 1292	3	1	0	-2	-1	0	2	5	4	6	2	-2	-1	0
Solution 1293	3	2	0	-2	-1	0	2	5	4	6	2	-2	-1	0
Solution 1294	3	1	0	-2	-1	0	2	5	4	6	3	-3	-1	0
Solution 1295	3	1	0	-3	-1	0	2	5	4	6	3	-3	-1	0
Solution 1296	3	2	0	-2	-1	0	2	5	4	6	3	-3	-1	0
Solution 1297	3	2	0	-3	-1	0	2	5	4	6	3	-3	-1	0
Solution 1298	3	1	0	-2	-1	0	2	5	4	6	3	-3	-2	0
Solution 1299	3	1	0	-3	-1	0	2	5	4	6	3	-3	-2	0
Solution 1300	3	2	0	-2	-1	0	2	5	4	6	3	-3	-2	0
Solution 1301	3	2	0	-3	-1	0	2	5	4	6	3	-3	-2	0
Solution 1302	3	1	0	-3	-2	0	2	5	4	6	3	-3	-1	0
Solution 1303	3	2	0	-3	-2	0	2	5	4	6	3	-3	-1	0
Solution 1304	3	1	0	-3	-2	0	2	5	4	6	3	-3	-2	0
Solution 1305	3	2	0	-3	-2	0	2	5	4	6	3	-3	-2	0
Solution 1306	3	1	0	-1	0	1	3	4	3	6	2	-2	-1	0
Solution 1307	3	2	0	-1	0	1	3	4	3	6	2	-2	-1	0
Solution 1308	3	1	0	-1	0	2	3	4	3	6	2	-2	-1	0
Solution 1309	3	2	0	-1	0	2	3	4	3	6	2	-2	-1	0
Solution 1310	3	1	0	-2	0	1	3	4	3	6	2	-2	-1	0
Solution 1311	3	2	0	-2	0	1	3	4	3	6	2	-2	-1	0
Solution 1312	3	1	0	-2	-1	1	3	4	3	6	2	-2	-1	0
Solution 1313	3	2	0	-2	-1	1	3	4	3	6	2	-2	-1	0
Solution 1314	3	1	0	-2	-1	0	3	4	3	6	2	-2	-1	0
Solution 1315	3	2	0	-2	-1	0	3	4	3	6	2	-2	-1	0
Solution 1316	3	1	0	-2	0	2	3	4	3	6	2	-2	-1	0
Solution 1317	3	2	0	-2	0	2	3	4	3	6	2	-2	-1	0
Solution 1318	3	1	0	-2	-1	2	3	4	3	6	2	-2	-1	0
Solution 1319	3	2	0	-2	-1	2	3	4	3	6	2	-2	-1	0
Solution 1320	3	1	0	-1	0	1	3	5	3	6	2	-2	-1	0
Solution 1321	3	2	0	-1	0	1	3	5	3	6	2	-2	-1	0
Solution 1322	3	1	0	-1	0	1	3	5	4	6	2	-2	-1	0
Solution 1323	3	2	0	-1	0	1	3	5	4	6	2	-2	-1	0
Solution 1324	3	1	0	-1	0	1	3	5	4	6	3	-3	-1	0
Solution 1325	3	1	0	-1	0	1	3	5	4	6	3	-3	-2	0
Solution 1326	3	2	0	-1	0	1	3	5	4	6	3	-3	-1	0
Solution 1327	3	2	0	-1	0	1	3	5	4	6	3	-3	-2	0
Solution 1328	3	1	0	-1	0	1	4	5	4	6	2	-2	-1	0
Solution 1329	3	2	0	-1	0	1	4	5	4	6	2	-2	-1	0
Solution 1330	3	1	0	-1	0	1	4	5	4	6	3	-3	-1	0
Solution 1331	3	1	0	-1	0	1	4	5	4	6	3	-3	-2	0
Solution 1332	3	2	0	-1	0	1	4	5	4	6	3	-3	-1	0
Solution 1333	3	2	0	-1	0	1	4	5	4	6	3	-3	-2	0
Solution 1334	3	1	0	-1	0	2	3	5	3	6	2	-2	-1	0
Solution 1335	3	2	0	-1	0	2	3	5	3	6	2	-2	-1	0
Solution 1336	3	1	0	-1	0	2	3	5	4	6	2	-2	-1	0
Solution 1337	3	2	0	-1	0	2	3	5	4	6	2	-2	-1	0
Solution 1338	3	1	0	-1	0	2	3	5	4	6	3	-3	-1	0
Solution 1339	3	1	0	-1	0	2	3	5	4	6	3	-3	-2	0
Solution 1340	3	2	0	-1	0	2	3	5	4	6	3	-3	-1	0
Solution 1341	3	2	0	-1	0	2	3	5	4	6	3	-3	-2	0
Solution 1342	3	1	0	-1	0	2	4	5	4	6	2	-2	-1	0
Solution 1343	3	1	0	-1	0	3	4	5	4	6	2	-2	-1	0
Solution 1344	3	2	0	-1	0	2	4	5	4	6	2	-2	-1	0
Solution 1345	3	2	0	-1	0	3	4	5	4	6	2	-2	-1	0
Solution 1346	3	1	0	-1	0	2	4	5	4	6	3	-3	-1	0
Solution 1347	3	1	0	-1	0	3	4	5	4	6	3	-3	-1	0
Solution 1348	3	1	0	-1	0	2	4	5	4	6	3	-3	-2	0
Solution 1349	3	1	0	-1	0	3	4	5	4	6	3	-3	-2	0
Solution 1350	3	2	0	-1	0	2	4	5	4	6	3	-3	-1	0
Solution 1351	3	2	0	-1	0	3	4	5	4	6	3	-3	-1	0
Solution 1352	3	2	0	-1	0	2	4	5	4	6	3	-3	-2	0
Solution 1353	3	2	0	-1	0	3	4	5	4	6	3	-3	-2	0
Solution 1354	3	1	0	-2	0	1	3	5	3	6	2	-2	-1	0
Solution 1355	3	2	0	-2	0	1	3	5	3	6	2	-2	-1	0
Solution 1356	3	1	0	-2	-1	1	3	5	3	6	2	-2	-1	0
Solution 1357	3	2	0	-2	-1	1	3	5	3	6	2	-2	-1	0
Solution 1358	3	1	0	-2	-1	0	3	5	3	6	2	-2	-1	0
Solution 1359	3	2	0	-2	-1	0	3	5	3	6	2	-2	-1	0
Solution 1360	3	1	0	-2	0	1	3	5	4	6	2	-2	-1	0
Solution 1361	3	2	0	-2	0	1	3	5	4	6	2	-2	-1	0
Solution 1362	3	1	0	-2	0	1	3	5	4	6	3	-3	-1	0
Solution 1363	3	2	0	-2	0	1	3	5	4	6	3	-3	-1	0
Solution 1364	3	1	0	-2	0	1	3	5	4	6	3	-3	-2	0
Solution 1365	3	2	0	-2	0	1	3	5	4	6	3	-3	-2	0
Solution 1366	3	1	0	-3	0	1	3	5	4	6	3	-3	-1	0
Solution 1367	3	2	0	-3	0	1	3	5	4	6	3	-3	-1	0
Solution 1368	3	1	0	-3	0	1	3	5	4	6	3	-3	-2	0
Solution 1369	3	2	0	-3	0	1	3	5	4	6	3	-3	-2	0
Solution 1370	3	1	0	-2	-1	1	3	5	4	6	2	-2	-1	0
Solution 1371	3	2	0	-2	-1	1	3	5	4	6	2	-2	-1	0
Solution 1372	3	1	0	-2	-1	1	3	5	4	6	3	-3	-1	0
Solution 1373	3	2	0	-2	-1	1	3	5	4	6	3	-3	-1	0
Solution 1374	3	1	0	-2	-1	1	3	5	4	6	3	-3	-2	0
Solution 1375	3	2	0	-2	-1	1	3	5	4	6	3	-3	-2	0
Solution 1376	3	1	0	-3	-1	1	3	5	4	6	3	-3	-1	0
Solution 1377	3	2	0	-3	-1	1	3	5	4	6	3	-3	-1	0
Solution 1378	3	1	0	-3	-1	1	3	5	4	6	3	-3	-2	0
Solution 1379	3	2	0	-3	-1	1	3	5	4	6	3	-3	-2	0
Solution 1380	3	1	0	-3	-2	1	3	5	4	6	3	-3	-1	0
Solution 1381	3	2	0	-3	-2	1	3	5	4	6	3	-3	-1	0
Solution 1382	3	1	0	-3	-2	1	3	5	4	6	3	-3	-2	0
Solution 1383	3	2	0	-3	-2	1	3	5	4	6	3	-3	-2	0
Solution 1384	3	1	0	-2	0	1	4	5	4	6	2	-2	-1	0
Solution 1385	3	2	0	-2	0	1	4	5	4	6	2	-2	-1	0
Solution 1386	3	1	0	-2	0	1	4	5	4	6	3	-3	-1	0
Solution 1387	3	2	0	-2	0	1	4	5	4	6	3	-3	-1	0
Solution 1388	3	1	0	-2	0	1	4	5	4	6	3	-3	-2	0
Solution 1389	3	2	0	-2	0	1	4	5	4	6	3	-3	-2	0
Solution 1390	3	1	0	-3	0	1	4	5	4	6	3	-3	-1	0
Solution 1391	3	2	0	-3	0	1	4	5	4	6	3	-3	-1	0
Solution 1392	3	1	0	-3	0	1	4	5	4	6	3	-3	-2	0
Solution 1393	3	2	0	-3	0	1	4	5	4	6	3	-3	-2	0
Solution 1394	3	1	0	-2	-1	1	4	5	4	6	2	-2	-1	0
Solution 1395	3	2	0	-2	-1	1	4	5	4	6	2	-2	-1	0
Solution 1396	3	1	0	-2	-1	1	4	5	4	6	3	-3	-1	0
Solution 1397	3	2	0	-2	-1	1	4	5	4	6	3	-3	-1	0
Solution 1398	3	1	0	-2	-1	1	4	5	4	6	3	-3	-2	0
Solution 1399	3	2	0	-2	-1	1	4	5	4	6	3	-3	-2	0
Solution 1400	3	1	0	-3	-1	1	4	5	4	6	3	-3	-1	0
Solution 1401	3	2	0	-3	-1	1	4	5	4	6	3	-3	-1	0
Solution 1402	3	1	0	-3	-1	1	4	5	4	6	3	-3	-2	0
Solution 1403	3	2	0	-3	-1	1	4	5	4	6	3	-3	-2	0
Solution 1404	3	1	0	-3	-2	1	4	5	4	6	3	-3	-1	0
Solution 1405	3	2	0	-3	-2	1	4	5	4	6	3	-3	-1	0
Solution 1406	3	1	0	-3	-2	1	4	5	4	6	3	-3	-2	0
Solution 1407	3	2	0	-3	-2	1	4	5	4	6	3	-3	-2	0
Solution 1408	3	1	0	-2	-1	0	3	5	4	6	2	-2	-1	0
Solution 1409	3	2	0	-2	-1	0	3	5	4	6	2	-2	-1	0
Solution 1410	3	1	0	-2	-1	0	3	5	4	6	3	-3	-1	0
Solution 1411	3	2	0	-2	-1	0	3	5	4	6	3	-3	-1	0
Solution 1412	3	1	0	-2	-1	0	3	5	4	6	3	-3	-2	0
Solution 1413	3	2	0	-2	-1	0	3	5	4	6	3	-3	-2	0
Solution 1414	3	1	0	-3	-1	0	3	5	4	6	3	-3	-1	0
Solution 1415	3	2	0	-3	-1	0	3	5	4	6	3	-3	-1	0
Solution 1416	3	1	0	-3	-1	0	3	5	4	6	3	-3	-2	0
Solution 1417	3	2	0	-3	-1	0	3	5	4	6	3	-3	-2	0
Solution 1418	3	1	0	-3	-2	0	3	5	4	6	3	-3	-1	0
Solution 1419	3	2	0	-3	-2	0	3	5	4	6	3	-3	-1	0
Solution 1420	3	1	0	-3	-2	0	3	5	4	6	3	-3	-2	0
Solution 1421	3	2	0	-3	-2	0	3	5	4	6	3	-3	-2	0
Solution 1422	3	1	0	-2	-1	0	4	5	4	6	2	-2	-1	0
Solution 1423	3	2	0	-2	-1	0	4	5	4	6	2	-2	-1	0
Solution 1424	3	1	0	-2	-1	0	4	5	4	6	3	-3	-1	0
Solution 1425	3	2	0	-2	-1	0	4	5	4	6	3	-3	-1	0
Solution 1426	3	1	0	-2	-1	0	4	5	4	6	3	-3	-2	0
Solution 1427	3	2	0	-2	-1	0	4	5	4	6	3	-3	-2	0
Solution 1428	3	1	0	-3	-1	0	4	5	4	6	3	-3	-1	0
Solution 1429	3	2	0	-3	-1	0	4	5	4	6	3	-3	-1	0
Solution 1430	3	1	0	-3	-1	0	4	5	4	6	3	-3	-2	0
Solution 1431	3	2	0	-3	-1	0	4	5	4	6	3	-3	-2	0
Solution 1432	3	1	0	-3	-2	0	4	5	4	6	3	-3	-1	0
Solution 1433	3	2	0	-3	-2	0	4	5	4	6	3	-3	-1	0
Solution 1434	3	1	0	-3	-2	0	4	5	4	6	3	-3	-2	0
Solution 1435	3	2	0	-3	-2	0	4	5	4	6	3	-3	-2	0
Solution 1436	3	1	0	-2	0	2	3	5	3	6	2	-2	-1	0
Solution 1437	3	1	0	-2	-1	2	3	5	3	6	2	-2	-1	0
Solution 1438	3	2	0	-2	0	2	3	5	3	6	2	-2	-1	0
Solution 1439	3	2	0	-2	-1	2	3	5	3	6	2	-2	-1	0
Solution 1440	3	1	0	-2	0	2	3	5	4	6	2	-2	-1	0
Solution 1441	3	1	0	-2	-1	2	3	5	4	6	2	-2	-1	0
Solution 1442	3	1	0	-2	0	2	4	5	4	6	2	-2	-1	0
Solution 1443	3	1	0	-2	-1	2	4	5	4	6	2	-2	-1	0
Solution 1444	3	1	0	-2	0	3	4	5	4	6	2	-2	-1	0
Solution 1445	3	1	0	-2	-1	3	4	5	4	6	2	-2	-1	0
Solution 1446	3	2	0	-2	0	2	3	5	4	6	2	-2	-1	0
Solution 1447	3	2	0	-2	-1	2	3	5	4	6	2	-2	-1	0
Solution 1448	3	2	0	-2	0	2	4	5	4	6	2	-2	-1	0
Solution 1449	3	2	0	-2	-1	2	4	5	4	6	2	-2	-1	0
Solution 1450	3	2	0	-2	0	3	4	5	4	6	2	-2	-1	0
Solution 1451	3	2	0	-2	-1	3	4	5	4	6	2	-2	-1	0
Solution 1452	3	1	0	-2	0	2	3	5	4	6	3	-3	-1	0
Solution 1453	3	1	0	-3	0	2	3	5	4	6	3	-3	-1	0
Solution 1454	3	1	0	-2	0	2	4	5	4	6	3	-3	-1	0
Solution 1455	3	1	0	-3	0	2	4	5	4	6	3	-3	-1	0
Solution 1456	3	1	0	-2	0	3	4	5	4	6	3	-3	-1	0
Solution 1457	3	1	0	-3	0	3	4	5	4	6	3	-3	-1	0
Solution 1458	3	1	0	-2	0	2	3	5	4	6	3	-3	-2	0
Solution 1459	3	1	0	-3	0	2	3	5	4	6	3	-3	-2	0
Solution 1460	3	1	0	-2	0	2	4	5	4	6	3	-3	-2	0
Solution 1461	3	1	0	-3	0	2	4	5	4	6	3	-3	-2	0
Solution 1462	3	1	0	-2	0	3	4	5	4	6	3	-3	-2	0
Solution 1463	3	1	0	-3	0	3	4	5	4	6	3	-3	-2	0
Solution 1464	3	2	0	-2	0	2	3	5	4	6	3	-3	-1	0
Solution 1465	3	2	0	-3	0	2	3	5	4	6	3	-3	-1	0
Solution 1466	3	2	0	-2	0	2	4	5	4	6	3	-3	-1	0
Solution 1467	3	2	0	-3	0	2	4	5	4	6	3	-3	-1	0
Solution 1468	3	2	0	-2	0	3	4	5	4	6	3	-3	-1	0
Solution 1469	3	2	0	-3	0	3	4	5	4	6	3	-3	-1	0
Solution 1470	3	2	0	-2	0	2	3	5	4	6	3	-3	-2	0
Solution 1471	3	2	0	-3	0	2	3	5	4	6	3	-3	-2	0
Solution 1472	3	2	0	-2	0	2	4	5	4	6	3	-3	-2	0
Solution 1473	3	2	0	-3	0	2	4	5	4	6	3	-3	-2	0
Solution 1474	3	2	0	-2	0	3	4	5	4	6	3	-3	-2	0
Solution 1475	3	2	0	-3	0	3	4	5	4	6	3	-3	-2	0
Solution 1476	3	1	0	-2	-1	2	3	5	4	6	3	-3	-1	0
Solution 1477	3	1	0	-2	-1	2	4	5	4	6	3	-3	-1	0
Solution 1478	3	1	0	-2	-1	3	4	5	4	6	3	-3	-1	0
Solution 1479	3	1	0	-2	-1	2	3	5	4	6	3	-3	-2	0
Solution 1480	3	1	0	-2	-1	2	4	5	4	6	3	-3	-2	0
Solution 1481	3	1	0	-2	-1	3	4	5	4	6	3	-3	-2	0
Solution 1482	3	2	0	-2	-1	2	3	5	4	6	3	-3	-1	0
Solution 1483	3	2	0	-2	-1	2	4	5	4	6	3	-3	-1	0
Solution 1484	3	2	0	-2	-1	3	4	5	4	6	3	-3	-1	0
Solution 1485	3	2	0	-2	-1	2	3	5	4	6	3	-3	-2	0
Solution 1486	3	2	0	-2	-1	2	4	5	4	6	3	-3	-2	0
Solution 1487	3	2	0	-2	-1	3	4	5	4	6	3	-3	-2	0
Solution 1488	3	1	0	-3	-1	2	3	5	4	6	3	-3	-1	0
Solution 1489	3	1	0	-3	-1	2	4	5	4	6	3	-3	-1	0
Solution 1490	3	1	0	-3	-1	3	4	5	4	6	3	-3	-1	0
Solution 1491	3	1	0	-3	-1	2	3	5	4	6	3	-3	-2	0
Solution 1492	3	1	0	-3	-1	2	4	5	4	6	3	-3	-2	0
Solution 1493	3	1	0	-3	-1	3	4	5	4	6	3	-3	-2	0
Solution 1494	3	2	0	-3	-1	2	3	5	4	6	3	-3	-1	0
Solution 1495	3	2	0	-3	-1	2	4	5	4	6	3	-3	-1	0
Solution 1496	3	2	0	-3	-1	3	4	5	4	6	3	-3	-1	0
Solution 1497	3	2	0	-3	-1	2	3	5	4	6	3	-3	-2	0
Solution 1498	3	2	0	-3	-1	2	4	5	4	6	3	-3	-2	0
Solution 1499	3	2	0	-3	-1	3	4	5	4	6	3	-3	-2	0
Solution 1500	3	1	0	-3	-2	2	3	5	4	6	3	-3	-1	0
Solution 1501	3	1	0	-3	-2	2	3	5	4	6	3	-3	-2	0
Solution 1502	3	2	0	-3	-2	2	3	5	4	6	3	-3	-1	0
Solution 1503	3	2	0	-3	-2	2	3	5	4	6	3	-3	-2	0
Solution 1504	3	1	0	-3	-2	2	4	5	4	6	3	-3	-1	0
Solution 1505	3	1	0	-3	-2	2	4	5	4	6	3	-3	-2	0
Solution 1506	3	2	0	-3	-2	2	4	5	4	6	3	-3	-1	0
Solution 1507	3	2	0	-3	-2	2	4	5	4	6	3	-3	-2	0
Solution 1508	3	1	0	-3	-2	3	4	5	4	6	3	-3	-1	0
Solution 1509	3	2	0	-3	-2	3	4	5	4	6	3	-3	-1	0
Solution 1510	3	1	0	-3	-2	3	4	5	4	6	3	-3	-2	0
Solution 1511	3	2	0	-3	-2	3	4	5	4	6	3	-3	-2	0